#MarketObjectType,MarketObjectId,ResultId,ResultKey1,ResultKey2,ResultKey3,ResultType,ResultValue
yieldCurve,EUR1D,dayCounter,,,,string,Actual/365 (Fixed)
yieldCurve,EUR1D,currency,,,,string,EUR
yieldCurve,EUR1D,time,2016-02-08,MM/RATE/EUR/0D/1D,,double,0.00821918
yieldCurve,EUR1D,zeroRate,2016-02-08,MM/RATE/EUR/0D/1D,,double,-0.00113759
yieldCurve,EUR1D,discountFactor,2016-02-08,MM/RATE/EUR/0D/1D,,double,1.00000935
yieldCurve,EUR1D,mdQuote,2016-02-08,MM/RATE/EUR/0D/1D,,double,-0.00112200
yieldCurve,EUR1D,calibrationError,2016-02-08,MM/RATE/EUR/0D/1D,,double,-0.00000000
yieldCurve,EUR1D,time,2016-02-17,IR_SWAP/RATE/EUR/2D/1D/1W,,double,0.03287671
yieldCurve,EUR1D,zeroRate,2016-02-17,IR_SWAP/RATE/EUR/2D/1D/1W,,double,-0.00117409
yieldCurve,EUR1D,discountFactor,2016-02-17,IR_SWAP/RATE/EUR/2D/1D/1W,,double,1.00003860
yieldCurve,EUR1D,mdQuote,2016-02-17,IR_SWAP/RATE/EUR/2D/1D/1W,,double,-0.00117000
yieldCurve,EUR1D,calibrationError,2016-02-17,IR_SWAP/RATE/EUR/2D/1D/1W,,double,0.00000000
yieldCurve,EUR1D,time,2016-02-24,IR_SWAP/RATE/EUR/2D/1D/2W,,double,0.05205479
yieldCurve,EUR1D,zeroRate,2016-02-24,IR_SWAP/RATE/EUR/2D/1D/2W,,double,-0.00124658
yieldCurve,EUR1D,discountFactor,2016-02-24,IR_SWAP/RATE/EUR/2D/1D/2W,,double,1.00006489
yieldCurve,EUR1D,mdQuote,2016-02-24,IR_SWAP/RATE/EUR/2D/1D/2W,,double,-0.00124800
yieldCurve,EUR1D,calibrationError,2016-02-24,IR_SWAP/RATE/EUR/2D/1D/2W,,double,0.00000000
yieldCurve,EUR1D,time,2016-03-10,IR_SWAP/RATE/EUR/2D/1D/1M,,double,0.09315068
yieldCurve,EUR1D,zeroRate,2016-03-10,IR_SWAP/RATE/EUR/2D/1D/1M,,double,-0.00177236
yieldCurve,EUR1D,discountFactor,2016-03-10,IR_SWAP/RATE/EUR/2D/1D/1M,,double,1.00016511
yieldCurve,EUR1D,mdQuote,2016-03-10,IR_SWAP/RATE/EUR/2D/1D/1M,,double,-0.00181000
yieldCurve,EUR1D,calibrationError,2016-03-10,IR_SWAP/RATE/EUR/2D/1D/1M,,double,-0.00000000
yieldCurve,EUR1D,time,2016-04-12,IR_SWAP/RATE/EUR/2D/1D/2M,,double,0.18356164
yieldCurve,EUR1D,zeroRate,2016-04-12,IR_SWAP/RATE/EUR/2D/1D/2M,,double,-0.00206134
yieldCurve,EUR1D,discountFactor,2016-04-12,IR_SWAP/RATE/EUR/2D/1D/2M,,double,1.00037846
yieldCurve,EUR1D,mdQuote,2016-04-12,IR_SWAP/RATE/EUR/2D/1D/2M,,double,-0.00208600
yieldCurve,EUR1D,calibrationError,2016-04-12,IR_SWAP/RATE/EUR/2D/1D/2M,,double,0.00000000
yieldCurve,EUR1D,time,2016-05-10,IR_SWAP/RATE/EUR/2D/1D/3M,,double,0.26027397
yieldCurve,EUR1D,zeroRate,2016-05-10,IR_SWAP/RATE/EUR/2D/1D/3M,,double,-0.00233091
yieldCurve,EUR1D,discountFactor,2016-05-10,IR_SWAP/RATE/EUR/2D/1D/3M,,double,1.00060686
yieldCurve,EUR1D,mdQuote,2016-05-10,IR_SWAP/RATE/EUR/2D/1D/3M,,double,-0.00234300
yieldCurve,EUR1D,calibrationError,2016-05-10,IR_SWAP/RATE/EUR/2D/1D/3M,,double,0.00000000
yieldCurve,EUR1D,time,2016-06-10,IR_SWAP/RATE/EUR/2D/1D/4M,,double,0.34520548
yieldCurve,EUR1D,zeroRate,2016-06-10,IR_SWAP/RATE/EUR/2D/1D/4M,,double,-0.00245116
yieldCurve,EUR1D,discountFactor,2016-06-10,IR_SWAP/RATE/EUR/2D/1D/4M,,double,1.00084651
yieldCurve,EUR1D,mdQuote,2016-06-10,IR_SWAP/RATE/EUR/2D/1D/4M,,double,-0.00245600
yieldCurve,EUR1D,calibrationError,2016-06-10,IR_SWAP/RATE/EUR/2D/1D/4M,,double,-0.00000000
yieldCurve,EUR1D,time,2016-07-12,IR_SWAP/RATE/EUR/2D/1D/5M,,double,0.43287671
yieldCurve,EUR1D,zeroRate,2016-07-12,IR_SWAP/RATE/EUR/2D/1D/5M,,double,-0.00269784
yieldCurve,EUR1D,discountFactor,2016-07-12,IR_SWAP/RATE/EUR/2D/1D/5M,,double,1.00116852
yieldCurve,EUR1D,mdQuote,2016-07-12,IR_SWAP/RATE/EUR/2D/1D/5M,,double,-0.00269300
yieldCurve,EUR1D,calibrationError,2016-07-12,IR_SWAP/RATE/EUR/2D/1D/5M,,double,0.00000000
yieldCurve,EUR1D,time,2016-08-10,IR_SWAP/RATE/EUR/2D/1D/6M,,double,0.51232877
yieldCurve,EUR1D,zeroRate,2016-08-10,IR_SWAP/RATE/EUR/2D/1D/6M,,double,-0.00258158
yieldCurve,EUR1D,discountFactor,2016-08-10,IR_SWAP/RATE/EUR/2D/1D/6M,,double,1.00132349
yieldCurve,EUR1D,mdQuote,2016-08-10,IR_SWAP/RATE/EUR/2D/1D/6M,,double,-0.00257900
yieldCurve,EUR1D,calibrationError,2016-08-10,IR_SWAP/RATE/EUR/2D/1D/6M,,double,0.00000000
yieldCurve,EUR1D,time,2016-09-12,IR_SWAP/RATE/EUR/2D/1D/7M,,double,0.60273973
yieldCurve,EUR1D,zeroRate,2016-09-12,IR_SWAP/RATE/EUR/2D/1D/7M,,double,-0.00282840
yieldCurve,EUR1D,discountFactor,2016-09-12,IR_SWAP/RATE/EUR/2D/1D/7M,,double,1.00170625
yieldCurve,EUR1D,mdQuote,2016-09-12,IR_SWAP/RATE/EUR/2D/1D/7M,,double,-0.00279900
yieldCurve,EUR1D,calibrationError,2016-09-12,IR_SWAP/RATE/EUR/2D/1D/7M,,double,-0.00000000
yieldCurve,EUR1D,time,2016-10-11,IR_SWAP/RATE/EUR/2D/1D/8M,,double,0.68219178
yieldCurve,EUR1D,zeroRate,2016-10-11,IR_SWAP/RATE/EUR/2D/1D/8M,,double,-0.00284994
yieldCurve,EUR1D,discountFactor,2016-10-11,IR_SWAP/RATE/EUR/2D/1D/8M,,double,1.00194610
yieldCurve,EUR1D,mdQuote,2016-10-11,IR_SWAP/RATE/EUR/2D/1D/8M,,double,-0.00283500
yieldCurve,EUR1D,calibrationError,2016-10-11,IR_SWAP/RATE/EUR/2D/1D/8M,,double,-0.00000000
yieldCurve,EUR1D,time,2016-11-10,IR_SWAP/RATE/EUR/2D/1D/9M,,double,0.76438356
yieldCurve,EUR1D,zeroRate,2016-11-10,IR_SWAP/RATE/EUR/2D/1D/9M,,double,-0.00308499
yieldCurve,EUR1D,discountFactor,2016-11-10,IR_SWAP/RATE/EUR/2D/1D/9M,,double,1.00236090
yieldCurve,EUR1D,mdQuote,2016-11-10,IR_SWAP/RATE/EUR/2D/1D/9M,,double,-0.00306000
yieldCurve,EUR1D,calibrationError,2016-11-10,IR_SWAP/RATE/EUR/2D/1D/9M,,double,0.00000000
yieldCurve,EUR1D,time,2016-12-12,IR_SWAP/RATE/EUR/2D/1D/10M,,double,0.85205479
yieldCurve,EUR1D,zeroRate,2016-12-12,IR_SWAP/RATE/EUR/2D/1D/10M,,double,-0.00313885
yieldCurve,EUR1D,discountFactor,2016-12-12,IR_SWAP/RATE/EUR/2D/1D/10M,,double,1.00267806
yieldCurve,EUR1D,mdQuote,2016-12-12,IR_SWAP/RATE/EUR/2D/1D/10M,,double,-0.00311300
yieldCurve,EUR1D,calibrationError,2016-12-12,IR_SWAP/RATE/EUR/2D/1D/10M,,double,0.00000000
yieldCurve,EUR1D,time,2017-01-10,IR_SWAP/RATE/EUR/2D/1D/11M,,double,0.93150685
yieldCurve,EUR1D,zeroRate,2017-01-10,IR_SWAP/RATE/EUR/2D/1D/11M,,double,-0.00316712
yieldCurve,EUR1D,discountFactor,2017-01-10,IR_SWAP/RATE/EUR/2D/1D/11M,,double,1.00295455
yieldCurve,EUR1D,mdQuote,2017-01-10,IR_SWAP/RATE/EUR/2D/1D/11M,,double,-0.00314200
yieldCurve,EUR1D,calibrationError,2017-01-10,IR_SWAP/RATE/EUR/2D/1D/11M,,double,-0.00000000
yieldCurve,EUR1D,time,2017-02-10,IR_SWAP/RATE/EUR/2D/1D/1Y,,double,1.01643836
yieldCurve,EUR1D,zeroRate,2017-02-10,IR_SWAP/RATE/EUR/2D/1D/1Y,,double,-0.00316043
yieldCurve,EUR1D,discountFactor,2017-02-10,IR_SWAP/RATE/EUR/2D/1D/1Y,,double,1.00321754
yieldCurve,EUR1D,mdQuote,2017-02-10,IR_SWAP/RATE/EUR/2D/1D/1Y,,double,-0.00313400
yieldCurve,EUR1D,calibrationError,2017-02-10,IR_SWAP/RATE/EUR/2D/1D/1Y,,double,0.00000000
yieldCurve,EUR1D,time,2017-05-10,IR_SWAP/RATE/EUR/2D/1D/1Y3M,,double,1.26027397
yieldCurve,EUR1D,zeroRate,2017-05-10,IR_SWAP/RATE/EUR/2D/1D/1Y3M,,double,-0.00334809
yieldCurve,EUR1D,discountFactor,2017-05-10,IR_SWAP/RATE/EUR/2D/1D/1Y3M,,double,1.00422842
yieldCurve,EUR1D,mdQuote,2017-05-10,IR_SWAP/RATE/EUR/2D/1D/1Y3M,,double,-0.00331500
yieldCurve,EUR1D,calibrationError,2017-05-10,IR_SWAP/RATE/EUR/2D/1D/1Y3M,,double,-0.00000000
yieldCurve,EUR1D,time,2017-08-10,IR_SWAP/RATE/EUR/2D/1D/1Y6M,,double,1.51232877
yieldCurve,EUR1D,zeroRate,2017-08-10,IR_SWAP/RATE/EUR/2D/1D/1Y6M,,double,-0.00336148
yieldCurve,EUR1D,discountFactor,2017-08-10,IR_SWAP/RATE/EUR/2D/1D/1Y6M,,double,1.00509661
yieldCurve,EUR1D,mdQuote,2017-08-10,IR_SWAP/RATE/EUR/2D/1D/1Y6M,,double,-0.00332700
yieldCurve,EUR1D,calibrationError,2017-08-10,IR_SWAP/RATE/EUR/2D/1D/1Y6M,,double,0.00000000
yieldCurve,EUR1D,time,2017-11-10,IR_SWAP/RATE/EUR/2D/1D/1Y9M,,double,1.76438356
yieldCurve,EUR1D,zeroRate,2017-11-10,IR_SWAP/RATE/EUR/2D/1D/1Y9M,,double,-0.00339372
yieldCurve,EUR1D,discountFactor,2017-11-10,IR_SWAP/RATE/EUR/2D/1D/1Y9M,,double,1.00600578
yieldCurve,EUR1D,mdQuote,2017-11-10,IR_SWAP/RATE/EUR/2D/1D/1Y9M,,double,-0.00335600
yieldCurve,EUR1D,calibrationError,2017-11-10,IR_SWAP/RATE/EUR/2D/1D/1Y9M,,double,0.00000000
yieldCurve,EUR1D,time,2018-02-12,IR_SWAP/RATE/EUR/2D/1D/2Y,,double,2.02191781
yieldCurve,EUR1D,zeroRate,2018-02-12,IR_SWAP/RATE/EUR/2D/1D/2Y,,double,-0.00350905
yieldCurve,EUR1D,discountFactor,2018-02-12,IR_SWAP/RATE/EUR/2D/1D/2Y,,double,1.00712025
yieldCurve,EUR1D,mdQuote,2018-02-12,IR_SWAP/RATE/EUR/2D/1D/2Y,,double,-0.00346500
yieldCurve,EUR1D,calibrationError,2018-02-12,IR_SWAP/RATE/EUR/2D/1D/2Y,,double,0.00000000
yieldCurve,EUR1D,time,2019-02-12,IR_SWAP/RATE/EUR/2D/1D/3Y,,double,3.02191781
yieldCurve,EUR1D,zeroRate,2019-02-12,IR_SWAP/RATE/EUR/2D/1D/3Y,,double,-0.00313583
yieldCurve,EUR1D,discountFactor,2019-02-12,IR_SWAP/RATE/EUR/2D/1D/3Y,,double,1.00952127
yieldCurve,EUR1D,mdQuote,2019-02-12,IR_SWAP/RATE/EUR/2D/1D/3Y,,double,-0.00309500
yieldCurve,EUR1D,calibrationError,2019-02-12,IR_SWAP/RATE/EUR/2D/1D/3Y,,double,0.00000000
yieldCurve,EUR1D,time,2020-02-11,IR_SWAP/RATE/EUR/2D/1D/4Y,,double,4.01917808
yieldCurve,EUR1D,zeroRate,2020-02-11,IR_SWAP/RATE/EUR/2D/1D/4Y,,double,-0.00251747
yieldCurve,EUR1D,discountFactor,2020-02-11,IR_SWAP/RATE/EUR/2D/1D/4Y,,double,1.01016953
yieldCurve,EUR1D,mdQuote,2020-02-11,IR_SWAP/RATE/EUR/2D/1D/4Y,,double,-0.00248200
yieldCurve,EUR1D,calibrationError,2020-02-11,IR_SWAP/RATE/EUR/2D/1D/4Y,,double,-0.00000000
yieldCurve,EUR1D,time,2021-02-10,IR_SWAP/RATE/EUR/2D/1D/5Y,,double,5.01917808
yieldCurve,EUR1D,zeroRate,2021-02-10,IR_SWAP/RATE/EUR/2D/1D/5Y,,double,-0.00177205
yieldCurve,EUR1D,discountFactor,2021-02-10,IR_SWAP/RATE/EUR/2D/1D/5Y,,double,1.00893390
yieldCurve,EUR1D,mdQuote,2021-02-10,IR_SWAP/RATE/EUR/2D/1D/5Y,,double,-0.00174500
yieldCurve,EUR1D,calibrationError,2021-02-10,IR_SWAP/RATE/EUR/2D/1D/5Y,,double,0.00000000
yieldCurve,EUR1D,time,2022-02-10,IR_SWAP/RATE/EUR/2D/1D/6Y,,double,6.01917808
yieldCurve,EUR1D,zeroRate,2022-02-10,IR_SWAP/RATE/EUR/2D/1D/6Y,,double,-0.00067396
yieldCurve,EUR1D,discountFactor,2022-02-10,IR_SWAP/RATE/EUR/2D/1D/6Y,,double,1.00406492
yieldCurve,EUR1D,mdQuote,2022-02-10,IR_SWAP/RATE/EUR/2D/1D/6Y,,double,-0.00066300
yieldCurve,EUR1D,calibrationError,2022-02-10,IR_SWAP/RATE/EUR/2D/1D/6Y,,double,-0.00000000
yieldCurve,EUR1D,time,2023-02-10,IR_SWAP/RATE/EUR/2D/1D/7Y,,double,7.01917808
yieldCurve,EUR1D,zeroRate,2023-02-10,IR_SWAP/RATE/EUR/2D/1D/7Y,,double,0.00051710
yieldCurve,EUR1D,discountFactor,2023-02-10,IR_SWAP/RATE/EUR/2D/1D/7Y,,double,0.99637697
yieldCurve,EUR1D,mdQuote,2023-02-10,IR_SWAP/RATE/EUR/2D/1D/7Y,,double,0.00050600
yieldCurve,EUR1D,calibrationError,2023-02-10,IR_SWAP/RATE/EUR/2D/1D/7Y,,double,-0.00000000
yieldCurve,EUR1D,time,2024-02-12,IR_SWAP/RATE/EUR/2D/1D/8Y,,double,8.02465753
yieldCurve,EUR1D,zeroRate,2024-02-12,IR_SWAP/RATE/EUR/2D/1D/8Y,,double,0.00171303
yieldCurve,EUR1D,discountFactor,2024-02-12,IR_SWAP/RATE/EUR/2D/1D/8Y,,double,0.98634758
yieldCurve,EUR1D,mdQuote,2024-02-12,IR_SWAP/RATE/EUR/2D/1D/8Y,,double,0.00166800
yieldCurve,EUR1D,calibrationError,2024-02-12,IR_SWAP/RATE/EUR/2D/1D/8Y,,double,-0.00000000
yieldCurve,EUR1D,time,2025-02-11,IR_SWAP/RATE/EUR/2D/1D/9Y,,double,9.02465753
yieldCurve,EUR1D,zeroRate,2025-02-11,IR_SWAP/RATE/EUR/2D/1D/9Y,,double,0.00286562
yieldCurve,EUR1D,discountFactor,2025-02-11,IR_SWAP/RATE/EUR/2D/1D/9Y,,double,0.97447028
yieldCurve,EUR1D,mdQuote,2025-02-11,IR_SWAP/RATE/EUR/2D/1D/9Y,,double,0.00279200
yieldCurve,EUR1D,calibrationError,2025-02-11,IR_SWAP/RATE/EUR/2D/1D/9Y,,double,-0.00000000
yieldCurve,EUR1D,time,2026-02-10,IR_SWAP/RATE/EUR/2D/1D/10Y,,double,10.02191781
yieldCurve,EUR1D,zeroRate,2026-02-10,IR_SWAP/RATE/EUR/2D/1D/10Y,,double,0.00400004
yieldCurve,EUR1D,discountFactor,2026-02-10,IR_SWAP/RATE/EUR/2D/1D/10Y,,double,0.96070483
yieldCurve,EUR1D,mdQuote,2026-02-10,IR_SWAP/RATE/EUR/2D/1D/10Y,,double,0.00388500
yieldCurve,EUR1D,calibrationError,2026-02-10,IR_SWAP/RATE/EUR/2D/1D/10Y,,double,0.00000000
yieldCurve,EUR1D,time,2028-02-10,IR_SWAP/RATE/EUR/2D/1D/12Y,,double,12.02191781
yieldCurve,EUR1D,zeroRate,2028-02-10,IR_SWAP/RATE/EUR/2D/1D/12Y,,double,0.00572532
yieldCurve,EUR1D,discountFactor,2028-02-10,IR_SWAP/RATE/EUR/2D/1D/12Y,,double,0.93348597
yieldCurve,EUR1D,mdQuote,2028-02-10,IR_SWAP/RATE/EUR/2D/1D/12Y,,double,0.00553400
yieldCurve,EUR1D,calibrationError,2028-02-10,IR_SWAP/RATE/EUR/2D/1D/12Y,,double,-0.00000000
yieldCurve,EUR1D,time,2031-02-11,IR_SWAP/RATE/EUR/2D/1D/15Y,,double,15.02739726
yieldCurve,EUR1D,zeroRate,2031-02-11,IR_SWAP/RATE/EUR/2D/1D/15Y,,double,0.00766617
yieldCurve,EUR1D,discountFactor,2031-02-11,IR_SWAP/RATE/EUR/2D/1D/15Y,,double,0.89118552
yieldCurve,EUR1D,mdQuote,2031-02-11,IR_SWAP/RATE/EUR/2D/1D/15Y,,double,0.00736400
yieldCurve,EUR1D,calibrationError,2031-02-11,IR_SWAP/RATE/EUR/2D/1D/15Y,,double,-0.00000000
yieldCurve,EUR1D,time,2036-02-12,IR_SWAP/RATE/EUR/2D/1D/20Y,,double,20.03287671
yieldCurve,EUR1D,zeroRate,2036-02-12,IR_SWAP/RATE/EUR/2D/1D/20Y,,double,0.00930480
yieldCurve,EUR1D,discountFactor,2036-02-12,IR_SWAP/RATE/EUR/2D/1D/20Y,,double,0.82993989
yieldCurve,EUR1D,mdQuote,2036-02-12,IR_SWAP/RATE/EUR/2D/1D/20Y,,double,0.00889900
yieldCurve,EUR1D,calibrationError,2036-02-12,IR_SWAP/RATE/EUR/2D/1D/20Y,,double,0.00000000
yieldCurve,EUR1D,time,2041-02-12,IR_SWAP/RATE/EUR/2D/1D/25Y,,double,25.03835616
yieldCurve,EUR1D,zeroRate,2041-02-12,IR_SWAP/RATE/EUR/2D/1D/25Y,,double,0.00983355
yieldCurve,EUR1D,discountFactor,2041-02-12,IR_SWAP/RATE/EUR/2D/1D/25Y,,double,0.78175347
yieldCurve,EUR1D,mdQuote,2041-02-12,IR_SWAP/RATE/EUR/2D/1D/25Y,,double,0.00941800
yieldCurve,EUR1D,calibrationError,2041-02-12,IR_SWAP/RATE/EUR/2D/1D/25Y,,double,-0.00000000
yieldCurve,EUR1D,time,2046-02-12,IR_SWAP/RATE/EUR/2D/1D/30Y,,double,30.04109589
yieldCurve,EUR1D,zeroRate,2046-02-12,IR_SWAP/RATE/EUR/2D/1D/30Y,,double,0.01010145
yieldCurve,EUR1D,discountFactor,2046-02-12,IR_SWAP/RATE/EUR/2D/1D/30Y,,double,0.73826036
yieldCurve,EUR1D,mdQuote,2046-02-12,IR_SWAP/RATE/EUR/2D/1D/30Y,,double,0.00969200
yieldCurve,EUR1D,calibrationError,2046-02-12,IR_SWAP/RATE/EUR/2D/1D/30Y,,double,0.00000000
yieldCurve,CHF1D,dayCounter,,,,string,Actual/365 (Fixed)
yieldCurve,CHF1D,currency,,,,string,CHF
yieldCurve,CHF1D,time,2016-02-08,MM/RATE/CHF/0D/1D,,double,0.00821918
yieldCurve,CHF1D,zeroRate,2016-02-08,MM/RATE/CHF/0D/1D,,double,-0.00747158
yieldCurve,CHF1D,discountFactor,2016-02-08,MM/RATE/CHF/0D/1D,,double,1.00006141
yieldCurve,CHF1D,mdQuote,2016-02-08,MM/RATE/CHF/0D/1D,,double,-0.00736900
yieldCurve,CHF1D,calibrationError,2016-02-08,MM/RATE/CHF/0D/1D,,double,0.00000000
yieldCurve,CHF1D,forwardRate,2016-02-08,MM/RATE/CHF/0D/1D,,double,-0.00772473
yieldCurve,CHF1D,time,2016-03-10,IR_SWAP/RATE/CHF/2D/1D/1M,,double,0.09315068
yieldCurve,CHF1D,zeroRate,2016-03-10,IR_SWAP/RATE/CHF/2D/1D/1M,,double,-0.00780029
yieldCurve,CHF1D,discountFactor,2016-03-10,IR_SWAP/RATE/CHF/2D/1D/1M,,double,1.00072687
yieldCurve,CHF1D,mdQuote,2016-03-10,IR_SWAP/RATE/CHF/2D/1D/1M,,double,-0.00746500
yieldCurve,CHF1D,calibrationError,2016-03-10,IR_SWAP/RATE/CHF/2D/1D/1M,,double,0.00000000
yieldCurve,CHF1D,forwardRate,2016-03-10,IR_SWAP/RATE/CHF/2D/1D/1M,,double,-0.00870888
yieldCurve,CHF1D,time,2016-04-12,IR_SWAP/RATE/CHF/2D/1D/2M,,double,0.18356164
yieldCurve,CHF1D,zeroRate,2016-04-12,IR_SWAP/RATE/CHF/2D/1D/2M,,double,-0.00830754
yieldCurve,CHF1D,discountFactor,2016-04-12,IR_SWAP/RATE/CHF/2D/1D/2M,,double,1.00152611
yieldCurve,CHF1D,mdQuote,2016-04-12,IR_SWAP/RATE/CHF/2D/1D/2M,,double,-0.00819500
yieldCurve,CHF1D,calibrationError,2016-04-12,IR_SWAP/RATE/CHF/2D/1D/2M,,double,-0.00000000
yieldCurve,CHF1D,forwardRate,2016-04-12,IR_SWAP/RATE/CHF/2D/1D/2M,,double,-0.00893875
yieldCurve,CHF1D,time,2016-05-11,IR_SWAP/RATE/CHF/2D/1D/3M,,double,0.26301370
yieldCurve,CHF1D,zeroRate,2016-05-11,IR_SWAP/RATE/CHF/2D/1D/3M,,double,-0.00853576
yieldCurve,CHF1D,discountFactor,2016-05-11,IR_SWAP/RATE/CHF/2D/1D/3M,,double,1.00224754
yieldCurve,CHF1D,mdQuote,2016-05-11,IR_SWAP/RATE/CHF/2D/1D/3M,,double,-0.00843300
yieldCurve,CHF1D,calibrationError,2016-05-11,IR_SWAP/RATE/CHF/2D/1D/3M,,double,-0.00000000
yieldCurve,CHF1D,forwardRate,2016-05-11,IR_SWAP/RATE/CHF/2D/1D/3M,,double,-0.00894672
yieldCurve,CHF1D,time,2016-06-10,IR_SWAP/RATE/CHF/2D/1D/4M,,double,0.34520548
yieldCurve,CHF1D,zeroRate,2016-06-10,IR_SWAP/RATE/CHF/2D/1D/4M,,double,-0.00866322
yieldCurve,CHF1D,discountFactor,2016-06-10,IR_SWAP/RATE/CHF/2D/1D/4M,,double,1.00299507
yieldCurve,CHF1D,mdQuote,2016-06-10,IR_SWAP/RATE/CHF/2D/1D/4M,,double,-0.00862600
yieldCurve,CHF1D,calibrationError,2016-06-10,IR_SWAP/RATE/CHF/2D/1D/4M,,double,0.00000000
yieldCurve,CHF1D,forwardRate,2016-06-10,IR_SWAP/RATE/CHF/2D/1D/4M,,double,-0.01367693
yieldCurve,CHF1D,time,2016-07-12,IR_SWAP/RATE/CHF/2D/1D/5M,,double,0.43287671
yieldCurve,CHF1D,zeroRate,2016-07-12,IR_SWAP/RATE/CHF/2D/1D/5M,,double,-0.00971718
yieldCurve,CHF1D,discountFactor,2016-07-12,IR_SWAP/RATE/CHF/2D/1D/5M,,double,1.00421520
yieldCurve,CHF1D,mdQuote,2016-07-12,IR_SWAP/RATE/CHF/2D/1D/5M,,double,-0.00956400
yieldCurve,CHF1D,calibrationError,2016-07-12,IR_SWAP/RATE/CHF/2D/1D/5M,,double,-0.00000000
yieldCurve,CHF1D,forwardRate,2016-07-12,IR_SWAP/RATE/CHF/2D/1D/5M,,double,-0.00480267
yieldCurve,CHF1D,time,2016-08-10,IR_SWAP/RATE/CHF/2D/1D/6M,,double,0.51232877
yieldCurve,CHF1D,zeroRate,2016-08-10,IR_SWAP/RATE/CHF/2D/1D/6M,,double,-0.00896539
yieldCurve,CHF1D,discountFactor,2016-08-10,IR_SWAP/RATE/CHF/2D/1D/6M,,double,1.00460379
yieldCurve,CHF1D,mdQuote,2016-08-10,IR_SWAP/RATE/CHF/2D/1D/6M,,double,-0.00899000
yieldCurve,CHF1D,calibrationError,2016-08-10,IR_SWAP/RATE/CHF/2D/1D/6M,,double,0.00000000
yieldCurve,CHF1D,forwardRate,2016-08-10,IR_SWAP/RATE/CHF/2D/1D/6M,,double,-0.01350633
yieldCurve,CHF1D,time,2016-09-12,IR_SWAP/RATE/CHF/2D/1D/7M,,double,0.60273973
yieldCurve,CHF1D,zeroRate,2016-09-12,IR_SWAP/RATE/CHF/2D/1D/7M,,double,-0.00967470
yieldCurve,CHF1D,discountFactor,2016-09-12,IR_SWAP/RATE/CHF/2D/1D/7M,,double,1.00584836
yieldCurve,CHF1D,mdQuote,2016-09-12,IR_SWAP/RATE/CHF/2D/1D/7M,,double,-0.00960700
yieldCurve,CHF1D,calibrationError,2016-09-12,IR_SWAP/RATE/CHF/2D/1D/7M,,double,0.00000000
yieldCurve,CHF1D,forwardRate,2016-09-12,IR_SWAP/RATE/CHF/2D/1D/7M,,double,-0.01141311
yieldCurve,CHF1D,time,2016-10-12,IR_SWAP/RATE/CHF/2D/1D/8M,,double,0.68493151
yieldCurve,CHF1D,zeroRate,2016-10-12,IR_SWAP/RATE/CHF/2D/1D/8M,,double,-0.00990236
yieldCurve,CHF1D,discountFactor,2016-10-12,IR_SWAP/RATE/CHF/2D/1D/8M,,double,1.00680549
yieldCurve,CHF1D,mdQuote,2016-10-12,IR_SWAP/RATE/CHF/2D/1D/8M,,double,-0.00987100
yieldCurve,CHF1D,calibrationError,2016-10-12,IR_SWAP/RATE/CHF/2D/1D/8M,,double,0.00000000
yieldCurve,CHF1D,forwardRate,2016-10-12,IR_SWAP/RATE/CHF/2D/1D/8M,,double,-0.00965482
yieldCurve,CHF1D,time,2016-11-10,IR_SWAP/RATE/CHF/2D/1D/9M,,double,0.76438356
yieldCurve,CHF1D,zeroRate,2016-11-10,IR_SWAP/RATE/CHF/2D/1D/9M,,double,-0.00989058
yieldCurve,CHF1D,discountFactor,2016-11-10,IR_SWAP/RATE/CHF/2D/1D/9M,,double,1.00758885
yieldCurve,CHF1D,mdQuote,2016-11-10,IR_SWAP/RATE/CHF/2D/1D/9M,,double,-0.00989000
yieldCurve,CHF1D,calibrationError,2016-11-10,IR_SWAP/RATE/CHF/2D/1D/9M,,double,0.00000000
yieldCurve,CHF1D,forwardRate,2016-11-10,IR_SWAP/RATE/CHF/2D/1D/9M,,double,-0.00790528
yieldCurve,CHF1D,time,2016-12-12,IR_SWAP/RATE/CHF/2D/1D/10M,,double,0.85205479
yieldCurve,CHF1D,zeroRate,2016-12-12,IR_SWAP/RATE/CHF/2D/1D/10M,,double,-0.00969763
yieldCurve,CHF1D,discountFactor,2016-12-12,IR_SWAP/RATE/CHF/2D/1D/10M,,double,1.00829714
yieldCurve,CHF1D,mdQuote,2016-12-12,IR_SWAP/RATE/CHF/2D/1D/10M,,double,-0.00969700
yieldCurve,CHF1D,calibrationError,2016-12-12,IR_SWAP/RATE/CHF/2D/1D/10M,,double,0.00000000
yieldCurve,CHF1D,forwardRate,2016-12-12,IR_SWAP/RATE/CHF/2D/1D/10M,,double,-0.00627575
yieldCurve,CHF1D,time,2017-01-11,IR_SWAP/RATE/CHF/2D/1D/11M,,double,0.93424658
yieldCurve,CHF1D,zeroRate,2017-01-11,IR_SWAP/RATE/CHF/2D/1D/11M,,double,-0.00940426
yieldCurve,CHF1D,discountFactor,2017-01-11,IR_SWAP/RATE/CHF/2D/1D/11M,,double,1.00882460
yieldCurve,CHF1D,mdQuote,2017-01-11,IR_SWAP/RATE/CHF/2D/1D/11M,,double,-0.00941000
yieldCurve,CHF1D,calibrationError,2017-01-11,IR_SWAP/RATE/CHF/2D/1D/11M,,double,0.00000000
yieldCurve,CHF1D,forwardRate,2017-01-11,IR_SWAP/RATE/CHF/2D/1D/11M,,double,-0.01086618
yieldCurve,CHF1D,time,2017-02-10,IR_SWAP/RATE/CHF/2D/1D/1Y,,double,1.01643836
yieldCurve,CHF1D,zeroRate,2017-02-10,IR_SWAP/RATE/CHF/2D/1D/1Y,,double,-0.00953469
yieldCurve,CHF1D,discountFactor,2017-02-10,IR_SWAP/RATE/CHF/2D/1D/1Y,,double,1.00973854
yieldCurve,CHF1D,mdQuote,2017-02-10,IR_SWAP/RATE/CHF/2D/1D/1Y,,double,-0.00952400
yieldCurve,CHF1D,calibrationError,2017-02-10,IR_SWAP/RATE/CHF/2D/1D/1Y,,double,0.00000000
yieldCurve,CHF1D,forwardRate,2017-02-10,IR_SWAP/RATE/CHF/2D/1D/1Y,,double,-0.01237332
yieldCurve,CHF1D,time,2017-05-10,IR_SWAP/RATE/CHF/2D/1D/1Y3M,,double,1.26027397
yieldCurve,CHF1D,zeroRate,2017-05-10,IR_SWAP/RATE/CHF/2D/1D/1Y3M,,double,-0.01011719
yieldCurve,CHF1D,discountFactor,2017-05-10,IR_SWAP/RATE/CHF/2D/1D/1Y3M,,double,1.01283207
yieldCurve,CHF1D,mdQuote,2017-05-10,IR_SWAP/RATE/CHF/2D/1D/1Y3M,,double,-0.01005400
yieldCurve,CHF1D,calibrationError,2017-05-10,IR_SWAP/RATE/CHF/2D/1D/1Y3M,,double,-0.00000000
yieldCurve,CHF1D,forwardRate,2017-05-10,IR_SWAP/RATE/CHF/2D/1D/1Y3M,,double,-0.00857925
yieldCurve,CHF1D,time,2017-08-10,IR_SWAP/RATE/CHF/2D/1D/1Y6M,,double,1.51232877
yieldCurve,CHF1D,zeroRate,2017-08-10,IR_SWAP/RATE/CHF/2D/1D/1Y6M,,double,-0.00988075
yieldCurve,CHF1D,discountFactor,2017-08-10,IR_SWAP/RATE/CHF/2D/1D/1Y6M,,double,1.01505514
yieldCurve,CHF1D,mdQuote,2017-08-10,IR_SWAP/RATE/CHF/2D/1D/1Y6M,,double,-0.00985000
yieldCurve,CHF1D,calibrationError,2017-08-10,IR_SWAP/RATE/CHF/2D/1D/1Y6M,,double,0.00000000
yieldCurve,CHF1D,forwardRate,2017-08-10,IR_SWAP/RATE/CHF/2D/1D/1Y6M,,double,-0.01206653
yieldCurve,CHF1D,time,2017-11-10,IR_SWAP/RATE/CHF/2D/1D/1Y9M,,double,1.76438356
yieldCurve,CHF1D,zeroRate,2017-11-10,IR_SWAP/RATE/CHF/2D/1D/1Y9M,,double,-0.01021703
yieldCurve,CHF1D,discountFactor,2017-11-10,IR_SWAP/RATE/CHF/2D/1D/1Y9M,,double,1.01819022
yieldCurve,CHF1D,mdQuote,2017-11-10,IR_SWAP/RATE/CHF/2D/1D/1Y9M,,double,-0.01018200
yieldCurve,CHF1D,calibrationError,2017-11-10,IR_SWAP/RATE/CHF/2D/1D/1Y9M,,double,-0.00000000
yieldCurve,CHF1D,forwardRate,2017-11-10,IR_SWAP/RATE/CHF/2D/1D/1Y9M,,double,-0.00864247
yieldCurve,CHF1D,time,2018-02-12,IR_SWAP/RATE/CHF/2D/1D/2Y,,double,2.02191781
yieldCurve,CHF1D,zeroRate,2018-02-12,IR_SWAP/RATE/CHF/2D/1D/2Y,,double,-0.01003178
yieldCurve,CHF1D,discountFactor,2018-02-12,IR_SWAP/RATE/CHF/2D/1D/2Y,,double,1.02049054
yieldCurve,CHF1D,mdQuote,2018-02-12,IR_SWAP/RATE/CHF/2D/1D/2Y,,double,-0.01001500
yieldCurve,CHF1D,calibrationError,2018-02-12,IR_SWAP/RATE/CHF/2D/1D/2Y,,double,0.00000000
yieldCurve,CHF1D,forwardRate,2018-02-12,IR_SWAP/RATE/CHF/2D/1D/2Y,,double,-0.01001947
yieldCurve,CHF1D,time,2019-02-12,IR_SWAP/RATE/CHF/2D/1D/3Y,,double,3.02191781
yieldCurve,CHF1D,zeroRate,2019-02-12,IR_SWAP/RATE/CHF/2D/1D/3Y,,double,-0.01007380
yieldCurve,CHF1D,discountFactor,2019-02-12,IR_SWAP/RATE/CHF/2D/1D/3Y,,double,1.03091031
yieldCurve,CHF1D,mdQuote,2019-02-12,IR_SWAP/RATE/CHF/2D/1D/3Y,,double,-0.01004100
yieldCurve,CHF1D,calibrationError,2019-02-12,IR_SWAP/RATE/CHF/2D/1D/3Y,,double,-0.00000000
yieldCurve,CHF1D,forwardRate,2019-02-12,IR_SWAP/RATE/CHF/2D/1D/3Y,,double,-0.00996950
yieldCurve,CHF1D,time,2020-02-12,IR_SWAP/RATE/CHF/2D/1D/4Y,,double,4.02191781
yieldCurve,CHF1D,zeroRate,2020-02-12,IR_SWAP/RATE/CHF/2D/1D/4Y,,double,-0.01008233
yieldCurve,CHF1D,discountFactor,2020-02-12,IR_SWAP/RATE/CHF/2D/1D/4Y,,double,1.04138370
yieldCurve,CHF1D,mdQuote,2020-02-12,IR_SWAP/RATE/CHF/2D/1D/4Y,,double,-0.01004500
yieldCurve,CHF1D,calibrationError,2020-02-12,IR_SWAP/RATE/CHF/2D/1D/4Y,,double,-0.00000000
yieldCurve,CHF1D,forwardRate,2020-02-12,IR_SWAP/RATE/CHF/2D/1D/4Y,,double,-0.00447590
yieldCurve,CHF1D,time,2021-02-10,IR_SWAP/RATE/CHF/2D/1D/5Y,,double,5.01917808
yieldCurve,CHF1D,zeroRate,2021-02-10,IR_SWAP/RATE/CHF/2D/1D/5Y,,double,-0.00898075
yieldCurve,CHF1D,discountFactor,2021-02-10,IR_SWAP/RATE/CHF/2D/1D/5Y,,double,1.04610733
yieldCurve,CHF1D,mdQuote,2021-02-10,IR_SWAP/RATE/CHF/2D/1D/5Y,,double,-0.00893900
yieldCurve,CHF1D,calibrationError,2021-02-10,IR_SWAP/RATE/CHF/2D/1D/5Y,,double,-0.00000000
yieldCurve,CHF1D,forwardRate,2021-02-10,IR_SWAP/RATE/CHF/2D/1D/5Y,,double,-0.00314056
yieldCurve,CHF1D,time,2022-02-10,IR_SWAP/RATE/CHF/2D/1D/6Y,,double,6.01917808
yieldCurve,CHF1D,zeroRate,2022-02-10,IR_SWAP/RATE/CHF/2D/1D/6Y,,double,-0.00801773
yieldCurve,CHF1D,discountFactor,2022-02-10,IR_SWAP/RATE/CHF/2D/1D/6Y,,double,1.04944365
yieldCurve,CHF1D,mdQuote,2022-02-10,IR_SWAP/RATE/CHF/2D/1D/6Y,,double,-0.00796500
yieldCurve,CHF1D,calibrationError,2022-02-10,IR_SWAP/RATE/CHF/2D/1D/6Y,,double,-0.00000000
yieldCurve,CHF1D,forwardRate,2022-02-10,IR_SWAP/RATE/CHF/2D/1D/6Y,,double,-0.00227945
yieldCurve,CHF1D,time,2023-02-10,IR_SWAP/RATE/CHF/2D/1D/7Y,,double,7.01917808
yieldCurve,CHF1D,zeroRate,2023-02-10,IR_SWAP/RATE/CHF/2D/1D/7Y,,double,-0.00720473
yieldCurve,CHF1D,discountFactor,2023-02-10,IR_SWAP/RATE/CHF/2D/1D/7Y,,double,1.05187185
yieldCurve,CHF1D,mdQuote,2023-02-10,IR_SWAP/RATE/CHF/2D/1D/7Y,,double,-0.00714500
yieldCurve,CHF1D,calibrationError,2023-02-10,IR_SWAP/RATE/CHF/2D/1D/7Y,,double,-0.00000000
yieldCurve,CHF1D,forwardRate,2023-02-10,IR_SWAP/RATE/CHF/2D/1D/7Y,,double,-0.00132025
yieldCurve,CHF1D,time,2024-02-12,IR_SWAP/RATE/CHF/2D/1D/8Y,,double,8.02465753
yieldCurve,CHF1D,zeroRate,2024-02-12,IR_SWAP/RATE/CHF/2D/1D/8Y,,double,-0.00646971
yieldCurve,CHF1D,discountFactor,2024-02-12,IR_SWAP/RATE/CHF/2D/1D/8Y,,double,1.05328855
yieldCurve,CHF1D,mdQuote,2024-02-12,IR_SWAP/RATE/CHF/2D/1D/8Y,,double,-0.00640900
yieldCurve,CHF1D,calibrationError,2024-02-12,IR_SWAP/RATE/CHF/2D/1D/8Y,,double,-0.00000000
yieldCurve,CHF1D,forwardRate,2024-02-12,IR_SWAP/RATE/CHF/2D/1D/8Y,,double,0.00234446
yieldCurve,CHF1D,time,2026-02-11,IR_SWAP/RATE/CHF/2D/1D/10Y,,double,10.02465753
yieldCurve,CHF1D,zeroRate,2026-02-11,IR_SWAP/RATE/CHF/2D/1D/10Y,,double,-0.00470472
yieldCurve,CHF1D,discountFactor,2026-02-11,IR_SWAP/RATE/CHF/2D/1D/10Y,,double,1.04829306
yieldCurve,CHF1D,mdQuote,2026-02-11,IR_SWAP/RATE/CHF/2D/1D/10Y,,double,-0.00463700
yieldCurve,CHF1D,calibrationError,2026-02-11,IR_SWAP/RATE/CHF/2D/1D/10Y,,double,-0.00000000
yieldCurve,CHF1D,forwardRate,2026-02-11,IR_SWAP/RATE/CHF/2D/1D/10Y,,double,0.00080915
yieldCurve,CHF1D,time,2028-02-10,IR_SWAP/RATE/CHF/2D/1D/12Y,,double,12.02191781
yieldCurve,CHF1D,zeroRate,2028-02-10,IR_SWAP/RATE/CHF/2D/1D/12Y,,double,-0.00378681
yieldCurve,CHF1D,discountFactor,2028-02-10,IR_SWAP/RATE/CHF/2D/1D/12Y,,double,1.04657682
yieldCurve,CHF1D,mdQuote,2028-02-10,IR_SWAP/RATE/CHF/2D/1D/12Y,,double,-0.00372300
yieldCurve,CHF1D,calibrationError,2028-02-10,IR_SWAP/RATE/CHF/2D/1D/12Y,,double,-0.00000000
yieldCurve,CHF1D,forwardRate,2028-02-10,IR_SWAP/RATE/CHF/2D/1D/12Y,,double,0.00336621
yieldCurve,CHF1D,time,2031-02-12,IR_SWAP/RATE/CHF/2D/1D/15Y,,double,15.03013699
yieldCurve,CHF1D,zeroRate,2031-02-12,IR_SWAP/RATE/CHF/2D/1D/15Y,,double,-0.00234581
yieldCurve,CHF1D,discountFactor,2031-02-12,IR_SWAP/RATE/CHF/2D/1D/15Y,,double,1.03588679
yieldCurve,CHF1D,mdQuote,2031-02-12,IR_SWAP/RATE/CHF/2D/1D/15Y,,double,-0.00229500
yieldCurve,CHF1D,calibrationError,2031-02-12,IR_SWAP/RATE/CHF/2D/1D/15Y,,double,0.00000000
yieldCurve,CHF1D,forwardRate,2031-02-12,IR_SWAP/RATE/CHF/2D/1D/15Y,,double,0.00671447
yieldCurve,CHF1D,time,2036-02-12,IR_SWAP/RATE/CHF/2D/1D/20Y,,double,20.03287671
yieldCurve,CHF1D,zeroRate,2036-02-12,IR_SWAP/RATE/CHF/2D/1D/20Y,,double,-0.00005995
yieldCurve,CHF1D,discountFactor,2036-02-12,IR_SWAP/RATE/CHF/2D/1D/20Y,,double,1.00120162
yieldCurve,CHF1D,mdQuote,2036-02-12,IR_SWAP/RATE/CHF/2D/1D/20Y,,double,-0.00005900
yieldCurve,CHF1D,calibrationError,2036-02-12,IR_SWAP/RATE/CHF/2D/1D/20Y,,double,0.00000000
yieldCurve,CHF1D,forwardRate,2036-02-12,IR_SWAP/RATE/CHF/2D/1D/20Y,,double,0.00484366
yieldCurve,CHF1D,time,2041-02-12,IR_SWAP/RATE/CHF/2D/1D/25Y,,double,25.03835616
yieldCurve,CHF1D,zeroRate,2041-02-12,IR_SWAP/RATE/CHF/2D/1D/25Y,,double,0.00093379
yieldCurve,CHF1D,discountFactor,2041-02-12,IR_SWAP/RATE/CHF/2D/1D/25Y,,double,0.97689069
yieldCurve,CHF1D,mdQuote,2041-02-12,IR_SWAP/RATE/CHF/2D/1D/25Y,,double,0.00090200
yieldCurve,CHF1D,calibrationError,2041-02-12,IR_SWAP/RATE/CHF/2D/1D/25Y,,double,-0.00000000
yieldCurve,CHF1D,forwardRate,2041-02-12,IR_SWAP/RATE/CHF/2D/1D/25Y,,double,0.00200716
yieldCurve,CHF1D,time,2046-02-12,IR_SWAP/RATE/CHF/2D/1D/30Y,,double,30.04109589
yieldCurve,CHF1D,zeroRate,2046-02-12,IR_SWAP/RATE/CHF/2D/1D/30Y,,double,0.00111718
yieldCurve,CHF1D,discountFactor,2046-02-12,IR_SWAP/RATE/CHF/2D/1D/30Y,,double,0.96699567
yieldCurve,CHF1D,mdQuote,2046-02-12,IR_SWAP/RATE/CHF/2D/1D/30Y,,double,0.00108400
yieldCurve,CHF1D,calibrationError,2046-02-12,IR_SWAP/RATE/CHF/2D/1D/30Y,,double,-0.00000000
yieldCurve,CHF1D,forwardRate,2046-02-12,IR_SWAP/RATE/CHF/2D/1D/30Y,,double,0.00200716
yieldCurve,EUR3M,dayCounter,,,,string,Actual/365 (Fixed)
yieldCurve,EUR3M,currency,,,,string,EUR
yieldCurve,EUR3M,time,2016-02-16,MM/RATE/EUR/2D/1W,,double,0.03013699
yieldCurve,EUR3M,zeroRate,2016-02-16,MM/RATE/EUR/2D/1W,,double,-0.00056373
yieldCurve,EUR3M,discountFactor,2016-02-16,MM/RATE/EUR/2D/1W,,double,1.00001699
yieldCurve,EUR3M,mdQuote,2016-02-16,MM/RATE/EUR/2D/1W,,double,-0.00055600
yieldCurve,EUR3M,calibrationError,2016-02-16,MM/RATE/EUR/2D/1W,,double,-0.00000000
yieldCurve,EUR3M,forwardRate,2016-02-16,MM/RATE/EUR/2D/1W,,double,-0.00043984
yieldCurve,EUR3M,time,2016-03-09,MM/RATE/EUR/2D/1M,,double,0.09041096
yieldCurve,EUR3M,zeroRate,2016-03-09,MM/RATE/EUR/2D/1M,,double,-0.00038642
yieldCurve,EUR3M,discountFactor,2016-03-09,MM/RATE/EUR/2D/1M,,double,1.00003494
yieldCurve,EUR3M,mdQuote,2016-03-09,MM/RATE/EUR/2D/1M,,double,-0.00035700
yieldCurve,EUR3M,calibrationError,2016-03-09,MM/RATE/EUR/2D/1M,,double,0.00000000
yieldCurve,EUR3M,forwardRate,2016-03-09,MM/RATE/EUR/2D/1M,,double,-0.00125827
yieldCurve,EUR3M,time,2016-04-11,MM/RATE/EUR/2D/2M,,double,0.18082192
yieldCurve,EUR3M,zeroRate,2016-04-11,MM/RATE/EUR/2D/2M,,double,-0.00024847
yieldCurve,EUR3M,discountFactor,2016-04-11,MM/RATE/EUR/2D/2M,,double,1.00004493
yieldCurve,EUR3M,mdQuote,2016-04-11,MM/RATE/EUR/2D/2M,,double,-0.00022500
yieldCurve,EUR3M,calibrationError,2016-04-11,MM/RATE/EUR/2D/2M,,double,0.00000000
yieldCurve,EUR3M,forwardRate,2016-04-11,MM/RATE/EUR/2D/2M,,double,-0.00159385
yieldCurve,EUR3M,time,2016-05-09,MM/RATE/EUR/2D/3M,,double,0.25753425
yieldCurve,EUR3M,zeroRate,2016-05-09,MM/RATE/EUR/2D/3M,,double,-0.00014339
yieldCurve,EUR3M,discountFactor,2016-05-09,MM/RATE/EUR/2D/3M,,double,1.00003693
yieldCurve,EUR3M,mdQuote,2016-05-09,MM/RATE/EUR/2D/3M,,double,-0.00012300
yieldCurve,EUR3M,calibrationError,2016-05-09,MM/RATE/EUR/2D/3M,,double,-0.00000000
yieldCurve,EUR3M,forwardRate,2016-05-09,MM/RATE/EUR/2D/3M,,double,-0.00175887
yieldCurve,EUR3M,time,2016-06-09,FRA/RATE/EUR/1M/3M,,double,0.34246575
yieldCurve,EUR3M,zeroRate,2016-06-09,FRA/RATE/EUR/1M/3M,,double,-0.00102972
yieldCurve,EUR3M,discountFactor,2016-06-09,FRA/RATE/EUR/1M/3M,,double,1.00035270
yieldCurve,EUR3M,mdQuote,2016-06-09,FRA/RATE/EUR/1M/3M,,double,-0.00124300
yieldCurve,EUR3M,calibrationError,2016-06-09,FRA/RATE/EUR/1M/3M,,double,-0.00000000
yieldCurve,EUR3M,forwardRate,2016-06-09,FRA/RATE/EUR/1M/3M,,double,-0.00194175
yieldCurve,EUR3M,time,2016-07-11,FRA/RATE/EUR/2M/3M,,double,0.43013699
yieldCurve,EUR3M,zeroRate,2016-07-11,FRA/RATE/EUR/2M/3M,,double,-0.00103374
yieldCurve,EUR3M,discountFactor,2016-07-11,FRA/RATE/EUR/2M/3M,,double,1.00044475
yieldCurve,EUR3M,mdQuote,2016-07-11,FRA/RATE/EUR/2M/3M,,double,-0.00158100
yieldCurve,EUR3M,calibrationError,2016-07-11,FRA/RATE/EUR/2M/3M,,double,-0.00000000
yieldCurve,EUR3M,forwardRate,2016-07-11,FRA/RATE/EUR/2M/3M,,double,-0.00201114
yieldCurve,EUR3M,time,2016-08-09,FRA/RATE/EUR/3M/3M,,double,0.50958904
yieldCurve,EUR3M,zeroRate,2016-08-09,FRA/RATE/EUR/3M/3M,,double,-0.00094877
yieldCurve,EUR3M,discountFactor,2016-08-09,FRA/RATE/EUR/3M/3M,,double,1.00048360
yieldCurve,EUR3M,mdQuote,2016-08-09,FRA/RATE/EUR/3M/3M,,double,-0.00174700
yieldCurve,EUR3M,calibrationError,2016-08-09,FRA/RATE/EUR/3M/3M,,double,0.00000000
yieldCurve,EUR3M,forwardRate,2016-08-09,FRA/RATE/EUR/3M/3M,,double,-0.00188909
yieldCurve,EUR3M,time,2016-09-09,FRA/RATE/EUR/4M/3M,,double,0.59452055
yieldCurve,EUR3M,zeroRate,2016-09-09,FRA/RATE/EUR/4M/3M,,double,-0.00142340
yieldCurve,EUR3M,discountFactor,2016-09-09,FRA/RATE/EUR/4M/3M,,double,1.00084660
yieldCurve,EUR3M,mdQuote,2016-09-09,FRA/RATE/EUR/4M/3M,,double,-0.00193100
yieldCurve,EUR3M,calibrationError,2016-09-09,FRA/RATE/EUR/4M/3M,,double,-0.00000000
yieldCurve,EUR3M,forwardRate,2016-09-09,FRA/RATE/EUR/4M/3M,,double,-0.00129808
yieldCurve,EUR3M,time,2016-10-11,FRA/RATE/EUR/5M/3M,,double,0.68219178
yieldCurve,EUR3M,zeroRate,2016-10-11,FRA/RATE/EUR/5M/3M,,double,-0.00140758
yieldCurve,EUR3M,discountFactor,2016-10-11,FRA/RATE/EUR/5M/3M,,double,1.00096070
yieldCurve,EUR3M,mdQuote,2016-10-11,FRA/RATE/EUR/5M/3M,,double,-0.00201700
yieldCurve,EUR3M,calibrationError,2016-10-11,FRA/RATE/EUR/5M/3M,,double,0.00000000
yieldCurve,EUR3M,forwardRate,2016-10-11,FRA/RATE/EUR/5M/3M,,double,-0.00164290
yieldCurve,EUR3M,time,2016-11-09,FRA/RATE/EUR/6M/3M,,double,0.76164384
yieldCurve,EUR3M,zeroRate,2016-11-09,FRA/RATE/EUR/6M/3M,,double,-0.00128320
yieldCurve,EUR3M,discountFactor,2016-11-09,FRA/RATE/EUR/6M/3M,,double,1.00097782
yieldCurve,EUR3M,mdQuote,2016-11-09,FRA/RATE/EUR/6M/3M,,double,-0.00193200
yieldCurve,EUR3M,calibrationError,2016-11-09,FRA/RATE/EUR/6M/3M,,double,0.00000000
yieldCurve,EUR3M,forwardRate,2016-11-09,FRA/RATE/EUR/6M/3M,,double,-0.00223124
yieldCurve,EUR3M,time,2017-02-09,FRA/RATE/EUR/9M/3M,,double,1.01369863
yieldCurve,EUR3M,zeroRate,2017-02-09,FRA/RATE/EUR/9M/3M,,double,-0.00152825
yieldCurve,EUR3M,discountFactor,2017-02-09,FRA/RATE/EUR/9M/3M,,double,1.00155038
yieldCurve,EUR3M,mdQuote,2017-02-09,FRA/RATE/EUR/9M/3M,,double,-0.00223700
yieldCurve,EUR3M,calibrationError,2017-02-09,FRA/RATE/EUR/9M/3M,,double,-0.00000000
yieldCurve,EUR3M,forwardRate,2017-02-09,FRA/RATE/EUR/9M/3M,,double,-0.00209731
yieldCurve,EUR3M,time,2017-05-09,FRA/RATE/EUR/1Y/3M,,double,1.25753425
yieldCurve,EUR3M,zeroRate,2017-05-09,FRA/RATE/EUR/1Y/3M,,double,-0.00164526
yieldCurve,EUR3M,discountFactor,2017-05-09,FRA/RATE/EUR/1Y/3M,,double,1.00207112
yieldCurve,EUR3M,mdQuote,2017-05-09,FRA/RATE/EUR/1Y/3M,,double,-0.00210200
yieldCurve,EUR3M,calibrationError,2017-05-09,FRA/RATE/EUR/1Y/3M,,double,-0.00000000
yieldCurve,EUR3M,forwardRate,2017-05-09,FRA/RATE/EUR/1Y/3M,,double,-0.00203102
yieldCurve,EUR3M,time,2018-02-09,IR_SWAP/RATE/EUR/2D/3M/2Y,,double,2.01369863
yieldCurve,EUR3M,zeroRate,2018-02-09,IR_SWAP/RATE/EUR/2D/3M/2Y,,double,-0.00180091
yieldCurve,EUR3M,discountFactor,2018-02-09,IR_SWAP/RATE/EUR/2D/3M/2Y,,double,1.00363308
yieldCurve,EUR3M,mdQuote,2018-02-09,IR_SWAP/RATE/EUR/2D/3M/2Y,,double,-0.00180800
yieldCurve,EUR3M,calibrationError,2018-02-09,IR_SWAP/RATE/EUR/2D/3M/2Y,,double,-0.00000000
yieldCurve,EUR3M,forwardRate,2018-02-09,IR_SWAP/RATE/EUR/2D/3M/2Y,,double,-0.00078750
yieldCurve,EUR3M,time,2019-02-11,IR_SWAP/RATE/EUR/2D/3M/3Y,,double,3.01917808
yieldCurve,EUR3M,zeroRate,2019-02-11,IR_SWAP/RATE/EUR/2D/3M/3Y,,double,-0.00146708
yieldCurve,EUR3M,discountFactor,2019-02-11,IR_SWAP/RATE/EUR/2D/3M/3Y,,double,1.00443921
yieldCurve,EUR3M,mdQuote,2019-02-11,IR_SWAP/RATE/EUR/2D/3M/3Y,,double,-0.00146900
yieldCurve,EUR3M,calibrationError,2019-02-11,IR_SWAP/RATE/EUR/2D/3M/3Y,,double,0.00000000
yieldCurve,EUR3M,forwardRate,2019-02-11,IR_SWAP/RATE/EUR/2D/3M/3Y,,double,0.00126397
yieldCurve,EUR3M,time,2020-02-10,IR_SWAP/RATE/EUR/2D/3M/4Y,,double,4.01643836
yieldCurve,EUR3M,zeroRate,2020-02-10,IR_SWAP/RATE/EUR/2D/3M/4Y,,double,-0.00078467
yieldCurve,EUR3M,discountFactor,2020-02-10,IR_SWAP/RATE/EUR/2D/3M/4Y,,double,1.00315654
yieldCurve,EUR3M,mdQuote,2020-02-10,IR_SWAP/RATE/EUR/2D/3M/4Y,,double,-0.00078200
yieldCurve,EUR3M,calibrationError,2020-02-10,IR_SWAP/RATE/EUR/2D/3M/4Y,,double,0.00000000
yieldCurve,EUR3M,forwardRate,2020-02-10,IR_SWAP/RATE/EUR/2D/3M/4Y,,double,0.00358857
yieldCurve,EUR3M,time,2021-02-09,IR_SWAP/RATE/EUR/2D/3M/5Y,,double,5.01643836
yieldCurve,EUR3M,zeroRate,2021-02-09,IR_SWAP/RATE/EUR/2D/3M/5Y,,double,0.00009672
yieldCurve,EUR3M,discountFactor,2021-02-09,IR_SWAP/RATE/EUR/2D/3M/5Y,,double,0.99951491
yieldCurve,EUR3M,mdQuote,2021-02-09,IR_SWAP/RATE/EUR/2D/3M/5Y,,double,0.00010300
yieldCurve,EUR3M,calibrationError,2021-02-09,IR_SWAP/RATE/EUR/2D/3M/5Y,,double,0.00000000
yieldCurve,EUR3M,forwardRate,2021-02-09,IR_SWAP/RATE/EUR/2D/3M/5Y,,double,0.00620428
yieldCurve,EUR3M,time,2022-02-09,IR_SWAP/RATE/EUR/2D/3M/6Y,,double,6.01643836
yieldCurve,EUR3M,zeroRate,2022-02-09,IR_SWAP/RATE/EUR/2D/3M/6Y,,double,0.00112539
yieldCurve,EUR3M,discountFactor,2022-02-09,IR_SWAP/RATE/EUR/2D/3M/6Y,,double,0.99325203
yieldCurve,EUR3M,mdQuote,2022-02-09,IR_SWAP/RATE/EUR/2D/3M/6Y,,double,0.00113300
yieldCurve,EUR3M,calibrationError,2022-02-09,IR_SWAP/RATE/EUR/2D/3M/6Y,,double,0.00000000
yieldCurve,EUR3M,forwardRate,2022-02-09,IR_SWAP/RATE/EUR/2D/3M/6Y,,double,0.00875681
yieldCurve,EUR3M,time,2023-02-09,IR_SWAP/RATE/EUR/2D/3M/7Y,,double,7.01643836
yieldCurve,EUR3M,zeroRate,2023-02-09,IR_SWAP/RATE/EUR/2D/3M/7Y,,double,0.00222900
yieldCurve,EUR3M,discountFactor,2023-02-09,IR_SWAP/RATE/EUR/2D/3M/7Y,,double,0.98448199
yieldCurve,EUR3M,mdQuote,2023-02-09,IR_SWAP/RATE/EUR/2D/3M/7Y,,double,0.00223300
yieldCurve,EUR3M,calibrationError,2023-02-09,IR_SWAP/RATE/EUR/2D/3M/7Y,,double,0.00000000
yieldCurve,EUR3M,forwardRate,2023-02-09,IR_SWAP/RATE/EUR/2D/3M/7Y,,double,0.01308259
yieldCurve,EUR3M,time,2024-02-09,IR_SWAP/RATE/EUR/2D/3M/8Y,,double,8.01643836
yieldCurve,EUR3M,zeroRate,2024-02-09,IR_SWAP/RATE/EUR/2D/3M/8Y,,double,0.00360286
yieldCurve,EUR3M,discountFactor,2024-02-09,IR_SWAP/RATE/EUR/2D/3M/8Y,,double,0.97153101
yieldCurve,EUR3M,mdQuote,2024-02-09,IR_SWAP/RATE/EUR/2D/3M/8Y,,double,0.00359500
yieldCurve,EUR3M,calibrationError,2024-02-09,IR_SWAP/RATE/EUR/2D/3M/8Y,,double,-0.00000000
yieldCurve,EUR3M,forwardRate,2024-02-09,IR_SWAP/RATE/EUR/2D/3M/8Y,,double,0.01218893
yieldCurve,EUR3M,time,2025-02-10,IR_SWAP/RATE/EUR/2D/3M/9Y,,double,9.02191781
yieldCurve,EUR3M,zeroRate,2025-02-10,IR_SWAP/RATE/EUR/2D/3M/9Y,,double,0.00457654
yieldCurve,EUR3M,discountFactor,2025-02-10,IR_SWAP/RATE/EUR/2D/3M/9Y,,double,0.95955166
yieldCurve,EUR3M,mdQuote,2025-02-10,IR_SWAP/RATE/EUR/2D/3M/9Y,,double,0.00455600
yieldCurve,EUR3M,calibrationError,2025-02-10,IR_SWAP/RATE/EUR/2D/3M/9Y,,double,0.00000000
yieldCurve,EUR3M,forwardRate,2025-02-10,IR_SWAP/RATE/EUR/2D/3M/9Y,,double,0.01607585
yieldCurve,EUR3M,time,2026-02-09,IR_SWAP/RATE/EUR/2D/3M/10Y,,double,10.01917808
yieldCurve,EUR3M,zeroRate,2026-02-09,IR_SWAP/RATE/EUR/2D/3M/10Y,,double,0.00574013
yieldCurve,EUR3M,discountFactor,2026-02-09,IR_SWAP/RATE/EUR/2D/3M/10Y,,double,0.94411115
yieldCurve,EUR3M,mdQuote,2026-02-09,IR_SWAP/RATE/EUR/2D/3M/10Y,,double,0.00569400
yieldCurve,EUR3M,calibrationError,2026-02-09,IR_SWAP/RATE/EUR/2D/3M/10Y,,double,-0.00000000
yieldCurve,EUR3M,forwardRate,2026-02-09,IR_SWAP/RATE/EUR/2D/3M/10Y,,double,0.01607385
yieldCurve,EUR3M,time,2028-02-09,IR_SWAP/RATE/EUR/2D/3M/12Y,,double,12.01917808
yieldCurve,EUR3M,zeroRate,2028-02-09,IR_SWAP/RATE/EUR/2D/3M/12Y,,double,0.00749144
yieldCurve,EUR3M,discountFactor,2028-02-09,IR_SWAP/RATE/EUR/2D/3M/12Y,,double,0.91389373
yieldCurve,EUR3M,mdQuote,2028-02-09,IR_SWAP/RATE/EUR/2D/3M/12Y,,double,0.00739200
yieldCurve,EUR3M,calibrationError,2028-02-09,IR_SWAP/RATE/EUR/2D/3M/12Y,,double,0.00000000
yieldCurve,EUR3M,forwardRate,2028-02-09,IR_SWAP/RATE/EUR/2D/3M/12Y,,double,0.01680841
yieldCurve,EUR3M,time,2031-02-10,IR_SWAP/RATE/EUR/2D/3M/15Y,,double,15.02465753
yieldCurve,EUR3M,zeroRate,2031-02-10,IR_SWAP/RATE/EUR/2D/3M/15Y,,double,0.00939473
yieldCurve,EUR3M,discountFactor,2031-02-10,IR_SWAP/RATE/EUR/2D/3M/15Y,,double,0.86835675
yieldCurve,EUR3M,mdQuote,2031-02-10,IR_SWAP/RATE/EUR/2D/3M/15Y,,double,0.00921500
yieldCurve,EUR3M,calibrationError,2031-02-10,IR_SWAP/RATE/EUR/2D/3M/15Y,,double,0.00000000
yieldCurve,EUR3M,forwardRate,2031-02-10,IR_SWAP/RATE/EUR/2D/3M/15Y,,double,0.01416860
yieldCurve,EUR3M,time,2036-02-11,IR_SWAP/RATE/EUR/2D/3M/20Y,,double,20.03013699
yieldCurve,EUR3M,zeroRate,2036-02-11,IR_SWAP/RATE/EUR/2D/3M/20Y,,double,0.01063061
yieldCurve,EUR3M,discountFactor,2036-02-11,IR_SWAP/RATE/EUR/2D/3M/20Y,,double,0.80821059
yieldCurve,EUR3M,mdQuote,2036-02-11,IR_SWAP/RATE/EUR/2D/3M/20Y,,double,0.01040300
yieldCurve,EUR3M,calibrationError,2036-02-11,IR_SWAP/RATE/EUR/2D/3M/20Y,,double,0.00000000
yieldCurve,EUR3M,forwardRate,2036-02-11,IR_SWAP/RATE/EUR/2D/3M/20Y,,double,0.01332435
yieldCurve,EUR3M,time,2041-02-11,IR_SWAP/RATE/EUR/2D/3M/25Y,,double,25.03561644
yieldCurve,EUR3M,zeroRate,2041-02-11,IR_SWAP/RATE/EUR/2D/3M/25Y,,double,0.01120170
yieldCurve,EUR3M,discountFactor,2041-02-11,IR_SWAP/RATE/EUR/2D/3M/25Y,,double,0.75545026
yieldCurve,EUR3M,mdQuote,2041-02-11,IR_SWAP/RATE/EUR/2D/3M/25Y,,double,0.01096100
yieldCurve,EUR3M,calibrationError,2041-02-11,IR_SWAP/RATE/EUR/2D/3M/25Y,,double,0.00000000
yieldCurve,EUR3M,forwardRate,2041-02-11,IR_SWAP/RATE/EUR/2D/3M/25Y,,double,0.01034931
yieldCurve,EUR3M,time,2056-02-09,IR_SWAP/RATE/EUR/2D/3M/40Y,,double,40.03835616
yieldCurve,EUR3M,zeroRate,2056-02-09,IR_SWAP/RATE/EUR/2D/3M/40Y,,double,0.01093114
yieldCurve,EUR3M,discountFactor,2056-02-09,IR_SWAP/RATE/EUR/2D/3M/40Y,,double,0.64554217
yieldCurve,EUR3M,mdQuote,2056-02-09,IR_SWAP/RATE/EUR/2D/3M/40Y,,double,0.01082800
yieldCurve,EUR3M,calibrationError,2056-02-09,IR_SWAP/RATE/EUR/2D/3M/40Y,,double,-0.00000000
yieldCurve,EUR3M,forwardRate,2056-02-09,IR_SWAP/RATE/EUR/2D/3M/40Y,,double,0.00717744
yieldCurve,EUR3M,time,2066-02-09,IR_SWAP/RATE/EUR/2D/3M/50Y,,double,50.04657534
yieldCurve,EUR3M,zeroRate,2066-02-09,IR_SWAP/RATE/EUR/2D/3M/50Y,,double,0.01019911
yieldCurve,EUR3M,discountFactor,2066-02-09,IR_SWAP/RATE/EUR/2D/3M/50Y,,double,0.60023707
yieldCurve,EUR3M,mdQuote,2066-02-09,IR_SWAP/RATE/EUR/2D/3M/50Y,,double,0.01028100
yieldCurve,EUR3M,calibrationError,2066-02-09,IR_SWAP/RATE/EUR/2D/3M/50Y,,double,0.00000000
yieldCurve,EUR3M,forwardRate,2066-02-09,IR_SWAP/RATE/EUR/2D/3M/50Y,,double,0.00717737
yieldCurve,EUR6M,dayCounter,,,,string,Actual/365 (Fixed)
yieldCurve,EUR6M,currency,,,,string,EUR
yieldCurve,EUR6M,time,2016-08-09,MM/RATE/EUR/2D/6M,,double,0.50958904
yieldCurve,EUR6M,zeroRate,2016-08-09,MM/RATE/EUR/2D/6M,,double,0.00024940
yieldCurve,EUR6M,discountFactor,2016-08-09,MM/RATE/EUR/2D/6M,,double,0.99987292
yieldCurve,EUR6M,mdQuote,2016-08-09,MM/RATE/EUR/2D/6M,,double,0.00024600
yieldCurve,EUR6M,calibrationError,2016-08-09,MM/RATE/EUR/2D/6M,,double,0.00000000
yieldCurve,EUR6M,forwardRate,2016-08-09,MM/RATE/EUR/2D/6M,,double,-0.00069240
yieldCurve,EUR6M,time,2018-02-09,IR_SWAP/RATE/EUR/2D/6M/2Y,,double,2.01369863
yieldCurve,EUR6M,zeroRate,2018-02-09,IR_SWAP/RATE/EUR/2D/6M/2Y,,double,-0.00046134
yieldCurve,EUR6M,discountFactor,2018-02-09,IR_SWAP/RATE/EUR/2D/6M/2Y,,double,1.00092944
yieldCurve,EUR6M,mdQuote,2018-02-09,IR_SWAP/RATE/EUR/2D/6M/2Y,,double,-0.00046600
yieldCurve,EUR6M,calibrationError,2018-02-09,IR_SWAP/RATE/EUR/2D/6M/2Y,,double,0.00000000
yieldCurve,EUR6M,forwardRate,2018-02-09,IR_SWAP/RATE/EUR/2D/6M/2Y,,double,0.00045194
yieldCurve,EUR6M,time,2019-02-11,IR_SWAP/RATE/EUR/2D/6M/3Y,,double,3.01917808
yieldCurve,EUR6M,zeroRate,2019-02-11,IR_SWAP/RATE/EUR/2D/6M/3Y,,double,-0.00015512
yieldCurve,EUR6M,discountFactor,2019-02-11,IR_SWAP/RATE/EUR/2D/6M/3Y,,double,1.00046844
yieldCurve,EUR6M,mdQuote,2019-02-11,IR_SWAP/RATE/EUR/2D/6M/3Y,,double,-0.00015600
yieldCurve,EUR6M,calibrationError,2019-02-11,IR_SWAP/RATE/EUR/2D/6M/3Y,,double,-0.00000000
yieldCurve,EUR6M,forwardRate,2019-02-11,IR_SWAP/RATE/EUR/2D/6M/3Y,,double,0.00294998
yieldCurve,EUR6M,time,2020-02-10,IR_SWAP/RATE/EUR/2D/6M/4Y,,double,4.01643836
yieldCurve,EUR6M,zeroRate,2020-02-10,IR_SWAP/RATE/EUR/2D/6M/4Y,,double,0.00062548
yieldCurve,EUR6M,discountFactor,2020-02-10,IR_SWAP/RATE/EUR/2D/6M/4Y,,double,0.99749094
yieldCurve,EUR6M,mdQuote,2020-02-10,IR_SWAP/RATE/EUR/2D/6M/4Y,,double,0.00063000
yieldCurve,EUR6M,calibrationError,2020-02-10,IR_SWAP/RATE/EUR/2D/6M/4Y,,double,0.00000000
yieldCurve,EUR6M,forwardRate,2020-02-10,IR_SWAP/RATE/EUR/2D/6M/4Y,,double,0.00501196
yieldCurve,EUR6M,time,2021-02-09,IR_SWAP/RATE/EUR/2D/6M/5Y,,double,5.01643836
yieldCurve,EUR6M,zeroRate,2021-02-09,IR_SWAP/RATE/EUR/2D/6M/5Y,,double,0.00151250
yieldCurve,EUR6M,discountFactor,2021-02-09,IR_SWAP/RATE/EUR/2D/6M/5Y,,double,0.99244135
yieldCurve,EUR6M,mdQuote,2021-02-09,IR_SWAP/RATE/EUR/2D/6M/5Y,,double,0.00152200
yieldCurve,EUR6M,calibrationError,2021-02-09,IR_SWAP/RATE/EUR/2D/6M/5Y,,double,0.00000000
yieldCurve,EUR6M,forwardRate,2021-02-09,IR_SWAP/RATE/EUR/2D/6M/5Y,,double,0.00900777
yieldCurve,EUR6M,time,2023-02-09,IR_SWAP/RATE/EUR/2D/6M/7Y,,double,7.01643836
yieldCurve,EUR6M,zeroRate,2023-02-09,IR_SWAP/RATE/EUR/2D/6M/7Y,,double,0.00367877
yieldCurve,EUR6M,discountFactor,2023-02-09,IR_SWAP/RATE/EUR/2D/6M/7Y,,double,0.97451839
yieldCurve,EUR6M,mdQuote,2023-02-09,IR_SWAP/RATE/EUR/2D/6M/7Y,,double,0.00368900
yieldCurve,EUR6M,calibrationError,2023-02-09,IR_SWAP/RATE/EUR/2D/6M/7Y,,double,-0.00000000
yieldCurve,EUR6M,forwardRate,2023-02-09,IR_SWAP/RATE/EUR/2D/6M/7Y,,double,0.01453952
yieldCurve,EUR6M,time,2026-02-09,IR_SWAP/RATE/EUR/2D/6M/10Y,,double,10.01917808
yieldCurve,EUR6M,zeroRate,2026-02-09,IR_SWAP/RATE/EUR/2D/6M/10Y,,double,0.00697809
yieldCurve,EUR6M,discountFactor,2026-02-09,IR_SWAP/RATE/EUR/2D/6M/10Y,,double,0.93247332
yieldCurve,EUR6M,mdQuote,2026-02-09,IR_SWAP/RATE/EUR/2D/6M/10Y,,double,0.00694800
yieldCurve,EUR6M,calibrationError,2026-02-09,IR_SWAP/RATE/EUR/2D/6M/10Y,,double,-0.00000000
yieldCurve,EUR6M,forwardRate,2026-02-09,IR_SWAP/RATE/EUR/2D/6M/10Y,,double,0.01534284
yieldCurve,EUR6M,time,2028-02-09,IR_SWAP/RATE/EUR/2D/6M/12Y,,double,12.01917808
yieldCurve,EUR6M,zeroRate,2028-02-09,IR_SWAP/RATE/EUR/2D/6M/12Y,,double,0.00839552
yieldCurve,EUR6M,discountFactor,2028-02-09,IR_SWAP/RATE/EUR/2D/6M/12Y,,double,0.90401690
yieldCurve,EUR6M,mdQuote,2028-02-09,IR_SWAP/RATE/EUR/2D/6M/12Y,,double,0.00832400
yieldCurve,EUR6M,calibrationError,2028-02-09,IR_SWAP/RATE/EUR/2D/6M/12Y,,double,0.00000000
yieldCurve,EUR6M,forwardRate,2028-02-09,IR_SWAP/RATE/EUR/2D/6M/12Y,,double,0.01676750
yieldCurve,EUR6M,time,2031-02-10,IR_SWAP/RATE/EUR/2D/6M/15Y,,double,15.02465753
yieldCurve,EUR6M,zeroRate,2031-02-10,IR_SWAP/RATE/EUR/2D/6M/15Y,,double,0.01010247
yieldCurve,EUR6M,discountFactor,2031-02-10,IR_SWAP/RATE/EUR/2D/6M/15Y,,double,0.85917197
yieldCurve,EUR6M,mdQuote,2031-02-10,IR_SWAP/RATE/EUR/2D/6M/15Y,,double,0.00995900
yieldCurve,EUR6M,calibrationError,2031-02-10,IR_SWAP/RATE/EUR/2D/6M/15Y,,double,0.00000000
yieldCurve,EUR6M,forwardRate,2031-02-10,IR_SWAP/RATE/EUR/2D/6M/15Y,,double,0.01534469
yieldCurve,EUR6M,time,2036-02-11,IR_SWAP/RATE/EUR/2D/6M/20Y,,double,20.03013699
yieldCurve,EUR6M,zeroRate,2036-02-11,IR_SWAP/RATE/EUR/2D/6M/20Y,,double,0.01145083
yieldCurve,EUR6M,discountFactor,2036-02-11,IR_SWAP/RATE/EUR/2D/6M/20Y,,double,0.79504100
yieldCurve,EUR6M,mdQuote,2036-02-11,IR_SWAP/RATE/EUR/2D/6M/20Y,,double,0.01124400
yieldCurve,EUR6M,calibrationError,2036-02-11,IR_SWAP/RATE/EUR/2D/6M/20Y,,double,-0.00000000
yieldCurve,EUR6M,forwardRate,2036-02-11,IR_SWAP/RATE/EUR/2D/6M/20Y,,double,0.01304452
yieldCurve,EUR6M,time,2041-02-11,IR_SWAP/RATE/EUR/2D/6M/25Y,,double,25.03561644
yieldCurve,EUR6M,zeroRate,2041-02-11,IR_SWAP/RATE/EUR/2D/6M/25Y,,double,0.01179700
yieldCurve,EUR6M,discountFactor,2041-02-11,IR_SWAP/RATE/EUR/2D/6M/25Y,,double,0.74427461
yieldCurve,EUR6M,mdQuote,2041-02-11,IR_SWAP/RATE/EUR/2D/6M/25Y,,double,0.01160100
yieldCurve,EUR6M,calibrationError,2041-02-11,IR_SWAP/RATE/EUR/2D/6M/25Y,,double,-0.00000000
yieldCurve,EUR6M,forwardRate,2041-02-11,IR_SWAP/RATE/EUR/2D/6M/25Y,,double,0.01103539
yieldCurve,EUR6M,time,2046-02-09,IR_SWAP/RATE/EUR/2D/6M/30Y,,double,30.03287671
yieldCurve,EUR6M,zeroRate,2046-02-09,IR_SWAP/RATE/EUR/2D/6M/30Y,,double,0.01169063
yieldCurve,EUR6M,discountFactor,2046-02-09,IR_SWAP/RATE/EUR/2D/6M/30Y,,double,0.70391101
yieldCurve,EUR6M,mdQuote,2046-02-09,IR_SWAP/RATE/EUR/2D/6M/30Y,,double,0.01154800
yieldCurve,EUR6M,calibrationError,2046-02-09,IR_SWAP/RATE/EUR/2D/6M/30Y,,double,-0.00000000
yieldCurve,EUR6M,forwardRate,2046-02-09,IR_SWAP/RATE/EUR/2D/6M/30Y,,double,0.01071370
yieldCurve,EUR6M,time,2056-02-09,IR_SWAP/RATE/EUR/2D/6M/40Y,,double,40.03835616
yieldCurve,EUR6M,zeroRate,2056-02-09,IR_SWAP/RATE/EUR/2D/6M/40Y,,double,0.01147640
yieldCurve,EUR6M,discountFactor,2056-02-09,IR_SWAP/RATE/EUR/2D/6M/40Y,,double,0.63160177
yieldCurve,EUR6M,mdQuote,2056-02-09,IR_SWAP/RATE/EUR/2D/6M/40Y,,double,0.01141400
yieldCurve,EUR6M,calibrationError,2056-02-09,IR_SWAP/RATE/EUR/2D/6M/40Y,,double,0.00000000
yieldCurve,EUR6M,forwardRate,2056-02-09,IR_SWAP/RATE/EUR/2D/6M/40Y,,double,0.00759951
yieldCurve,EUR6M,time,2066-02-09,IR_SWAP/RATE/EUR/2D/6M/50Y,,double,50.04657534
yieldCurve,EUR6M,zeroRate,2066-02-09,IR_SWAP/RATE/EUR/2D/6M/50Y,,double,0.01071926
yieldCurve,EUR6M,discountFactor,2066-02-09,IR_SWAP/RATE/EUR/2D/6M/50Y,,double,0.58481345
yieldCurve,EUR6M,mdQuote,2066-02-09,IR_SWAP/RATE/EUR/2D/6M/50Y,,double,0.01084100
yieldCurve,EUR6M,calibrationError,2066-02-09,IR_SWAP/RATE/EUR/2D/6M/50Y,,double,-0.00000000
yieldCurve,EUR6M,forwardRate,2066-02-09,IR_SWAP/RATE/EUR/2D/6M/50Y,,double,0.00759943
yieldCurve,GBP6M,dayCounter,,,,string,Actual/365 (Fixed)
yieldCurve,GBP6M,currency,,,,string,GBP
yieldCurve,GBP6M,time,2016-02-12,MM/RATE/GBP/0D/1W,,double,0.01917808
yieldCurve,GBP6M,zeroRate,2016-02-12,MM/RATE/GBP/0D/1W,,double,0.00598366
yieldCurve,GBP6M,discountFactor,2016-02-12,MM/RATE/GBP/0D/1W,,double,0.99988525
yieldCurve,GBP6M,mdQuote,2016-02-12,MM/RATE/GBP/0D/1W,,double,0.00598400
yieldCurve,GBP6M,calibrationError,2016-02-12,MM/RATE/GBP/0D/1W,,double,-0.00000000
yieldCurve,GBP6M,forwardRate,2016-02-12,MM/RATE/GBP/0D/1W,,double,0.00882391
yieldCurve,GBP6M,time,2016-03-07,MM/RATE/GBP/0D/1M,,double,0.08493151
yieldCurve,GBP6M,zeroRate,2016-03-07,MM/RATE/GBP/0D/1M,,double,0.00592951
yieldCurve,GBP6M,discountFactor,2016-03-07,MM/RATE/GBP/0D/1M,,double,0.99949652
yieldCurve,GBP6M,mdQuote,2016-03-07,MM/RATE/GBP/0D/1M,,double,0.00593100
yieldCurve,GBP6M,calibrationError,2016-03-07,MM/RATE/GBP/0D/1M,,double,0.00000000
yieldCurve,GBP6M,forwardRate,2016-03-07,MM/RATE/GBP/0D/1M,,double,0.00835400
yieldCurve,GBP6M,time,2016-04-05,MM/RATE/GBP/0D/2M,,double,0.16438356
yieldCurve,GBP6M,zeroRate,2016-04-05,MM/RATE/GBP/0D/2M,,double,0.00674026
yieldCurve,GBP6M,discountFactor,2016-04-05,MM/RATE/GBP/0D/2M,,double,0.99889262
yieldCurve,GBP6M,mdQuote,2016-04-05,MM/RATE/GBP/0D/2M,,double,0.00674400
yieldCurve,GBP6M,calibrationError,2016-04-05,MM/RATE/GBP/0D/2M,,double,0.00000000
yieldCurve,GBP6M,forwardRate,2016-04-05,MM/RATE/GBP/0D/2M,,double,0.00837500
yieldCurve,GBP6M,time,2016-05-05,MM/RATE/GBP/0D/3M,,double,0.24657534
yieldCurve,GBP6M,zeroRate,2016-05-05,MM/RATE/GBP/0D/3M,,double,0.00671344
yieldCurve,GBP6M,discountFactor,2016-05-05,MM/RATE/GBP/0D/3M,,double,0.99834600
yieldCurve,GBP6M,mdQuote,2016-05-05,MM/RATE/GBP/0D/3M,,double,0.00671900
yieldCurve,GBP6M,calibrationError,2016-05-05,MM/RATE/GBP/0D/3M,,double,-0.00000000
yieldCurve,GBP6M,forwardRate,2016-05-05,MM/RATE/GBP/0D/3M,,double,0.00832700
yieldCurve,GBP6M,time,2016-08-05,MM/RATE/GBP/0D/6M,,double,0.49863014
yieldCurve,GBP6M,zeroRate,2016-08-05,MM/RATE/GBP/0D/6M,,double,0.00892611
yieldCurve,GBP6M,discountFactor,2016-08-05,MM/RATE/GBP/0D/6M,,double,0.99555906
yieldCurve,GBP6M,mdQuote,2016-08-05,MM/RATE/GBP/0D/6M,,double,0.00894600
yieldCurve,GBP6M,calibrationError,2016-08-05,MM/RATE/GBP/0D/6M,,double,-0.00000000
yieldCurve,GBP6M,forwardRate,2016-08-05,MM/RATE/GBP/0D/6M,,double,0.00819700
yieldCurve,GBP6M,time,2016-09-07,FRA/RATE/GBP/1M/6M,,double,0.58904110
yieldCurve,GBP6M,zeroRate,2016-09-07,FRA/RATE/GBP/1M/6M,,double,0.00798941
yieldCurve,GBP6M,discountFactor,2016-09-07,FRA/RATE/GBP/1M/6M,,double,0.99530497
yieldCurve,GBP6M,mdQuote,2016-09-07,FRA/RATE/GBP/1M/6M,,double,0.00835400
yieldCurve,GBP6M,calibrationError,2016-09-07,FRA/RATE/GBP/1M/6M,,double,-0.00000000
yieldCurve,GBP6M,forwardRate,2016-09-07,FRA/RATE/GBP/1M/6M,,double,0.00916404
yieldCurve,GBP6M,time,2016-10-05,FRA/RATE/GBP/2M/6M,,double,0.66575342
yieldCurve,GBP6M,zeroRate,2016-10-05,FRA/RATE/GBP/2M/6M,,double,0.00795816
yieldCurve,GBP6M,discountFactor,2016-10-05,FRA/RATE/GBP/2M/6M,,double,0.99471584
yieldCurve,GBP6M,mdQuote,2016-10-05,FRA/RATE/GBP/2M/6M,,double,0.00837500
yieldCurve,GBP6M,calibrationError,2016-10-05,FRA/RATE/GBP/2M/6M,,double,0.00000000
yieldCurve,GBP6M,forwardRate,2016-10-05,FRA/RATE/GBP/2M/6M,,double,0.00921687
yieldCurve,GBP6M,time,2016-11-07,FRA/RATE/GBP/3M/6M,,double,0.75616438
yieldCurve,GBP6M,zeroRate,2016-11-07,FRA/RATE/GBP/3M/6M,,double,0.00778897
yieldCurve,GBP6M,discountFactor,2016-11-07,FRA/RATE/GBP/3M/6M,,double,0.99412757
yieldCurve,GBP6M,mdQuote,2016-11-07,FRA/RATE/GBP/3M/6M,,double,0.00832700
yieldCurve,GBP6M,calibrationError,2016-11-07,FRA/RATE/GBP/3M/6M,,double,-0.00000000
yieldCurve,GBP6M,forwardRate,2016-11-07,FRA/RATE/GBP/3M/6M,,double,0.00949987
yieldCurve,GBP6M,time,2016-12-06,FRA/RATE/GBP/4M/6M,,double,0.83561644
yieldCurve,GBP6M,zeroRate,2016-12-06,FRA/RATE/GBP/4M/6M,,double,0.00804976
yieldCurve,GBP6M,discountFactor,2016-12-06,FRA/RATE/GBP/4M/6M,,double,0.99329606
yieldCurve,GBP6M,mdQuote,2016-12-06,FRA/RATE/GBP/4M/6M,,double,0.00819200
yieldCurve,GBP6M,calibrationError,2016-12-06,FRA/RATE/GBP/4M/6M,,double,0.00000000
yieldCurve,GBP6M,forwardRate,2016-12-06,FRA/RATE/GBP/4M/6M,,double,0.00911005
yieldCurve,GBP6M,time,2017-01-05,FRA/RATE/GBP/5M/6M,,double,0.91780822
yieldCurve,GBP6M,zeroRate,2017-01-05,FRA/RATE/GBP/5M/6M,,double,0.00828434
yieldCurve,GBP6M,discountFactor,2017-01-05,FRA/RATE/GBP/5M/6M,,double,0.99242540
yieldCurve,GBP6M,mdQuote,2017-01-05,FRA/RATE/GBP/5M/6M,,double,0.00813900
yieldCurve,GBP6M,calibrationError,2017-01-05,FRA/RATE/GBP/5M/6M,,double,0.00000000
yieldCurve,GBP6M,forwardRate,2017-01-05,FRA/RATE/GBP/5M/6M,,double,0.00868717
yieldCurve,GBP6M,time,2017-02-06,FRA/RATE/GBP/6M/6M,,double,1.00547945
yieldCurve,GBP6M,zeroRate,2017-02-06,FRA/RATE/GBP/6M/6M,,double,0.00855001
yieldCurve,GBP6M,discountFactor,2017-02-06,FRA/RATE/GBP/6M/6M,,double,0.99143998
yieldCurve,GBP6M,mdQuote,2017-02-06,FRA/RATE/GBP/6M/6M,,double,0.00819700
yieldCurve,GBP6M,calibrationError,2017-02-06,FRA/RATE/GBP/6M/6M,,double,0.00000000
yieldCurve,GBP6M,forwardRate,2017-02-06,FRA/RATE/GBP/6M/6M,,double,0.00811300
yieldCurve,GBP6M,time,2017-08-07,FRA/RATE/GBP/1Y/6M,,double,1.50410959
yieldCurve,GBP6M,zeroRate,2017-08-07,FRA/RATE/GBP/1Y/6M,,double,0.00839971
yieldCurve,GBP6M,discountFactor,2017-08-07,FRA/RATE/GBP/1Y/6M,,double,0.98744539
yieldCurve,GBP6M,mdQuote,2017-08-07,FRA/RATE/GBP/1Y/6M,,double,0.00811300
yieldCurve,GBP6M,calibrationError,2017-08-07,FRA/RATE/GBP/1Y/6M,,double,-0.00000000
yieldCurve,GBP6M,forwardRate,2017-08-07,FRA/RATE/GBP/1Y/6M,,double,0.00782422
yieldCurve,GBP6M,time,2018-02-05,IR_SWAP/RATE/GBP/0D/6M/2Y,,double,2.00273973
yieldCurve,GBP6M,zeroRate,2018-02-05,IR_SWAP/RATE/GBP/0D/6M/2Y,,double,0.00824794
yieldCurve,GBP6M,discountFactor,2018-02-05,IR_SWAP/RATE/GBP/0D/6M/2Y,,double,0.98361720
yieldCurve,GBP6M,mdQuote,2018-02-05,IR_SWAP/RATE/GBP/0D/6M/2Y,,double,0.00826600
yieldCurve,GBP6M,calibrationError,2018-02-05,IR_SWAP/RATE/GBP/0D/6M/2Y,,double,-0.00000000
yieldCurve,GBP6M,forwardRate,2018-02-05,IR_SWAP/RATE/GBP/0D/6M/2Y,,double,0.00953342
yieldCurve,GBP6M,time,2019-02-05,IR_SWAP/RATE/GBP/0D/6M/3Y,,double,3.00273973
yieldCurve,GBP6M,zeroRate,2019-02-05,IR_SWAP/RATE/GBP/0D/6M/3Y,,double,0.00866852
yieldCurve,GBP6M,discountFactor,2019-02-05,IR_SWAP/RATE/GBP/0D/6M/3Y,,double,0.97430653
yieldCurve,GBP6M,mdQuote,2019-02-05,IR_SWAP/RATE/GBP/0D/6M/3Y,,double,0.00868600
yieldCurve,GBP6M,calibrationError,2019-02-05,IR_SWAP/RATE/GBP/0D/6M/3Y,,double,0.00000000
yieldCurve,GBP6M,forwardRate,2019-02-05,IR_SWAP/RATE/GBP/0D/6M/3Y,,double,0.01126151
yieldCurve,GBP6M,time,2020-02-05,IR_SWAP/RATE/GBP/0D/6M/4Y,,double,4.00273973
yieldCurve,GBP6M,zeroRate,2020-02-05,IR_SWAP/RATE/GBP/0D/6M/4Y,,double,0.00930850
yieldCurve,GBP6M,discountFactor,2020-02-05,IR_SWAP/RATE/GBP/0D/6M/4Y,,double,0.96342610
yieldCurve,GBP6M,mdQuote,2020-02-05,IR_SWAP/RATE/GBP/0D/6M/4Y,,double,0.00932400
yieldCurve,GBP6M,calibrationError,2020-02-05,IR_SWAP/RATE/GBP/0D/6M/4Y,,double,0.00000000
yieldCurve,GBP6M,forwardRate,2020-02-05,IR_SWAP/RATE/GBP/0D/6M/4Y,,double,0.01286152
yieldCurve,GBP6M,time,2021-02-05,IR_SWAP/RATE/GBP/0D/6M/5Y,,double,5.00547945
yieldCurve,GBP6M,zeroRate,2021-02-05,IR_SWAP/RATE/GBP/0D/6M/5Y,,double,0.01001204
yieldCurve,GBP6M,discountFactor,2021-02-05,IR_SWAP/RATE/GBP/0D/6M/5Y,,double,0.95111997
yieldCurve,GBP6M,mdQuote,2021-02-05,IR_SWAP/RATE/GBP/0D/6M/5Y,,double,0.01002300
yieldCurve,GBP6M,calibrationError,2021-02-05,IR_SWAP/RATE/GBP/0D/6M/5Y,,double,0.00000000
yieldCurve,GBP6M,forwardRate,2021-02-05,IR_SWAP/RATE/GBP/0D/6M/5Y,,double,0.01577712
yieldCurve,GBP6M,time,2022-02-07,IR_SWAP/RATE/GBP/0D/6M/6Y,,double,6.01095890
yieldCurve,GBP6M,zeroRate,2022-02-07,IR_SWAP/RATE/GBP/0D/6M/6Y,,double,0.01096612
yieldCurve,GBP6M,discountFactor,2022-02-07,IR_SWAP/RATE/GBP/0D/6M/6Y,,double,0.93620865
yieldCurve,GBP6M,mdQuote,2022-02-07,IR_SWAP/RATE/GBP/0D/6M/6Y,,double,0.01096600
yieldCurve,GBP6M,calibrationError,2022-02-07,IR_SWAP/RATE/GBP/0D/6M/6Y,,double,0.00000000
yieldCurve,GBP6M,forwardRate,2022-02-07,IR_SWAP/RATE/GBP/0D/6M/6Y,,double,0.01820893
yieldCurve,GBP6M,time,2023-02-06,IR_SWAP/RATE/GBP/0D/6M/7Y,,double,7.00821918
yieldCurve,GBP6M,zeroRate,2023-02-06,IR_SWAP/RATE/GBP/0D/6M/7Y,,double,0.01198507
yieldCurve,GBP6M,discountFactor,2023-02-06,IR_SWAP/RATE/GBP/0D/6M/7Y,,double,0.91943676
yieldCurve,GBP6M,mdQuote,2023-02-06,IR_SWAP/RATE/GBP/0D/6M/7Y,,double,0.01196700
yieldCurve,GBP6M,calibrationError,2023-02-06,IR_SWAP/RATE/GBP/0D/6M/7Y,,double,0.00000000
yieldCurve,GBP6M,forwardRate,2023-02-06,IR_SWAP/RATE/GBP/0D/6M/7Y,,double,0.01996729
yieldCurve,GBP6M,time,2024-02-05,IR_SWAP/RATE/GBP/0D/6M/8Y,,double,8.00547945
yieldCurve,GBP6M,zeroRate,2024-02-05,IR_SWAP/RATE/GBP/0D/6M/8Y,,double,0.01296713
yieldCurve,GBP6M,discountFactor,2024-02-05,IR_SWAP/RATE/GBP/0D/6M/8Y,,double,0.90139824
yieldCurve,GBP6M,mdQuote,2024-02-05,IR_SWAP/RATE/GBP/0D/6M/8Y,,double,0.01292500
yieldCurve,GBP6M,calibrationError,2024-02-05,IR_SWAP/RATE/GBP/0D/6M/8Y,,double,0.00000000
yieldCurve,GBP6M,forwardRate,2024-02-05,IR_SWAP/RATE/GBP/0D/6M/8Y,,double,0.02103910
yieldCurve,GBP6M,time,2025-02-05,IR_SWAP/RATE/GBP/0D/6M/9Y,,double,9.00821918
yieldCurve,GBP6M,zeroRate,2025-02-05,IR_SWAP/RATE/GBP/0D/6M/9Y,,double,0.01385346
yieldCurve,GBP6M,discountFactor,2025-02-05,IR_SWAP/RATE/GBP/0D/6M/9Y,,double,0.88267786
yieldCurve,GBP6M,mdQuote,2025-02-05,IR_SWAP/RATE/GBP/0D/6M/9Y,,double,0.01378400
yieldCurve,GBP6M,calibrationError,2025-02-05,IR_SWAP/RATE/GBP/0D/6M/9Y,,double,-0.00000000
yieldCurve,GBP6M,forwardRate,2025-02-05,IR_SWAP/RATE/GBP/0D/6M/9Y,,double,0.02124792
yieldCurve,GBP6M,time,2026-02-05,IR_SWAP/RATE/GBP/0D/6M/10Y,,double,10.00821918
yieldCurve,GBP6M,zeroRate,2026-02-05,IR_SWAP/RATE/GBP/0D/6M/10Y,,double,0.01458119
yieldCurve,GBP6M,discountFactor,2026-02-05,IR_SWAP/RATE/GBP/0D/6M/10Y,,double,0.86421670
yieldCurve,GBP6M,mdQuote,2026-02-05,IR_SWAP/RATE/GBP/0D/6M/10Y,,double,0.01448600
yieldCurve,GBP6M,calibrationError,2026-02-05,IR_SWAP/RATE/GBP/0D/6M/10Y,,double,0.00000000
yieldCurve,GBP6M,forwardRate,2026-02-05,IR_SWAP/RATE/GBP/0D/6M/10Y,,double,0.02078788
yieldCurve,GBP6M,time,2028-02-07,IR_SWAP/RATE/GBP/0D/6M/12Y,,double,12.01369863
yieldCurve,GBP6M,zeroRate,2028-02-07,IR_SWAP/RATE/GBP/0D/6M/12Y,,double,0.01559953
yieldCurve,GBP6M,discountFactor,2028-02-07,IR_SWAP/RATE/GBP/0D/6M/12Y,,double,0.82910540
yieldCurve,GBP6M,mdQuote,2028-02-07,IR_SWAP/RATE/GBP/0D/6M/12Y,,double,0.01546300
yieldCurve,GBP6M,calibrationError,2028-02-07,IR_SWAP/RATE/GBP/0D/6M/12Y,,double,-0.00000000
yieldCurve,GBP6M,forwardRate,2028-02-07,IR_SWAP/RATE/GBP/0D/6M/12Y,,double,0.02041256
yieldCurve,GBP6M,time,2031-02-05,IR_SWAP/RATE/GBP/0D/6M/15Y,,double,15.01095890
yieldCurve,GBP6M,zeroRate,2031-02-05,IR_SWAP/RATE/GBP/0D/6M/15Y,,double,0.01653995
yieldCurve,GBP6M,discountFactor,2031-02-05,IR_SWAP/RATE/GBP/0D/6M/15Y,,double,0.78014110
yieldCurve,GBP6M,mdQuote,2031-02-05,IR_SWAP/RATE/GBP/0D/6M/15Y,,double,0.01635900
yieldCurve,GBP6M,calibrationError,2031-02-05,IR_SWAP/RATE/GBP/0D/6M/15Y,,double,-0.00000000
yieldCurve,GBP6M,forwardRate,2031-02-05,IR_SWAP/RATE/GBP/0D/6M/15Y,,double,0.01922040
yieldCurve,GBP6M,time,2036-02-05,IR_SWAP/RATE/GBP/0D/6M/20Y,,double,20.01369863
yieldCurve,GBP6M,zeroRate,2036-02-05,IR_SWAP/RATE/GBP/0D/6M/20Y,,double,0.01718722
yieldCurve,GBP6M,discountFactor,2036-02-05,IR_SWAP/RATE/GBP/0D/6M/20Y,,double,0.70894324
yieldCurve,GBP6M,mdQuote,2036-02-05,IR_SWAP/RATE/GBP/0D/6M/20Y,,double,0.01698800
yieldCurve,GBP6M,calibrationError,2036-02-05,IR_SWAP/RATE/GBP/0D/6M/20Y,,double,0.00000000
yieldCurve,GBP6M,forwardRate,2036-02-05,IR_SWAP/RATE/GBP/0D/6M/20Y,,double,0.01592479
yieldCurve,GBP6M,time,2041-02-05,IR_SWAP/RATE/GBP/0D/6M/25Y,,double,25.01917808
yieldCurve,GBP6M,zeroRate,2041-02-05,IR_SWAP/RATE/GBP/0D/6M/25Y,,double,0.01692207
yieldCurve,GBP6M,discountFactor,2041-02-05,IR_SWAP/RATE/GBP/0D/6M/25Y,,double,0.65483222
yieldCurve,GBP6M,mdQuote,2041-02-05,IR_SWAP/RATE/GBP/0D/6M/25Y,,double,0.01680900
yieldCurve,GBP6M,calibrationError,2041-02-05,IR_SWAP/RATE/GBP/0D/6M/25Y,,double,0.00000000
yieldCurve,GBP6M,forwardRate,2041-02-05,IR_SWAP/RATE/GBP/0D/6M/25Y,,double,0.01737920
yieldCurve,GBP6M,time,2046-02-05,IR_SWAP/RATE/GBP/0D/6M/30Y,,double,30.02191781
yieldCurve,GBP6M,zeroRate,2046-02-05,IR_SWAP/RATE/GBP/0D/6M/30Y,,double,0.01698584
yieldCurve,GBP6M,discountFactor,2046-02-05,IR_SWAP/RATE/GBP/0D/6M/30Y,,double,0.60052719
yieldCurve,GBP6M,mdQuote,2046-02-05,IR_SWAP/RATE/GBP/0D/6M/30Y,,double,0.01688600
yieldCurve,GBP6M,calibrationError,2046-02-05,IR_SWAP/RATE/GBP/0D/6M/30Y,,double,0.00000000
yieldCurve,GBP6M,forwardRate,2046-02-05,IR_SWAP/RATE/GBP/0D/6M/30Y,,double,0.01737962
yieldCurve,GBP1D,dayCounter,,,,string,Actual/365 (Fixed)
yieldCurve,GBP1D,currency,,,,string,GBP
yieldCurve,GBP1D,time,2016-02-12,IR_SWAP/RATE/GBP/0D/1D/1W,,double,0.01917808
yieldCurve,GBP1D,zeroRate,2016-02-12,IR_SWAP/RATE/GBP/0D/1D/1W,,double,0.00582068
yieldCurve,GBP1D,discountFactor,2016-02-12,IR_SWAP/RATE/GBP/0D/1D/1W,,double,0.99988838
yieldCurve,GBP1D,mdQuote,2016-02-12,IR_SWAP/RATE/GBP/0D/1D/1W,,double,0.00582100
yieldCurve,GBP1D,calibrationError,2016-02-12,IR_SWAP/RATE/GBP/0D/1D/1W,,double,-0.00000000
yieldCurve,GBP1D,forwardRate,2016-02-12,IR_SWAP/RATE/GBP/0D/1D/1W,,double,0.00553022
yieldCurve,GBP1D,time,2016-02-19,IR_SWAP/RATE/GBP/0D/1D/2W,,double,0.03835616
yieldCurve,GBP1D,zeroRate,2016-02-19,IR_SWAP/RATE/GBP/0D/1D/2W,,double,0.00567538
yieldCurve,GBP1D,discountFactor,2016-02-19,IR_SWAP/RATE/GBP/0D/1D/2W,,double,0.99978234
yieldCurve,GBP1D,mdQuote,2016-02-19,IR_SWAP/RATE/GBP/0D/1D/2W,,double,0.00567600
yieldCurve,GBP1D,calibrationError,2016-02-19,IR_SWAP/RATE/GBP/0D/1D/2W,,double,0.00000000
yieldCurve,GBP1D,forwardRate,2016-02-19,IR_SWAP/RATE/GBP/0D/1D/2W,,double,0.00577075
yieldCurve,GBP1D,time,2016-03-07,IR_SWAP/RATE/GBP/0D/1D/1M,,double,0.08493151
yieldCurve,GBP1D,zeroRate,2016-03-07,IR_SWAP/RATE/GBP/0D/1D/1M,,double,0.00572761
yieldCurve,GBP1D,discountFactor,2016-03-07,IR_SWAP/RATE/GBP/0D/1D/1M,,double,0.99951366
yieldCurve,GBP1D,mdQuote,2016-03-07,IR_SWAP/RATE/GBP/0D/1D/1M,,double,0.00572900
yieldCurve,GBP1D,calibrationError,2016-03-07,IR_SWAP/RATE/GBP/0D/1D/1M,,double,-0.00000000
yieldCurve,GBP1D,forwardRate,2016-03-07,IR_SWAP/RATE/GBP/0D/1D/1M,,double,0.00551412
yieldCurve,GBP1D,time,2016-04-05,IR_SWAP/RATE/GBP/0D/1D/2M,,double,0.16438356
yieldCurve,GBP1D,zeroRate,2016-04-05,IR_SWAP/RATE/GBP/0D/1D/2M,,double,0.00562440
yieldCurve,GBP1D,discountFactor,2016-04-05,IR_SWAP/RATE/GBP/0D/1D/2M,,double,0.99907587
yieldCurve,GBP1D,mdQuote,2016-04-05,IR_SWAP/RATE/GBP/0D/1D/2M,,double,0.00562700
yieldCurve,GBP1D,calibrationError,2016-04-05,IR_SWAP/RATE/GBP/0D/1D/2M,,double,0.00000000
yieldCurve,GBP1D,forwardRate,2016-04-05,IR_SWAP/RATE/GBP/0D/1D/2M,,double,0.00572840
yieldCurve,GBP1D,time,2016-05-05,IR_SWAP/RATE/GBP/0D/1D/3M,,double,0.24657534
yieldCurve,GBP1D,zeroRate,2016-05-05,IR_SWAP/RATE/GBP/0D/1D/3M,,double,0.00565905
yieldCurve,GBP1D,discountFactor,2016-05-05,IR_SWAP/RATE/GBP/0D/1D/3M,,double,0.99860559
yieldCurve,GBP1D,mdQuote,2016-05-05,IR_SWAP/RATE/GBP/0D/1D/3M,,double,0.00566300
yieldCurve,GBP1D,calibrationError,2016-05-05,IR_SWAP/RATE/GBP/0D/1D/3M,,double,0.00000000
yieldCurve,GBP1D,forwardRate,2016-05-05,IR_SWAP/RATE/GBP/0D/1D/3M,,double,0.00512479
yieldCurve,GBP1D,time,2016-06-06,IR_SWAP/RATE/GBP/0D/1D/4M,,double,0.33424658
yieldCurve,GBP1D,zeroRate,2016-06-06,IR_SWAP/RATE/GBP/0D/1D/4M,,double,0.00551891
yieldCurve,GBP1D,discountFactor,2016-06-06,IR_SWAP/RATE/GBP/0D/1D/4M,,double,0.99815702
yieldCurve,GBP1D,mdQuote,2016-06-06,IR_SWAP/RATE/GBP/0D/1D/4M,,double,0.00552400
yieldCurve,GBP1D,calibrationError,2016-06-06,IR_SWAP/RATE/GBP/0D/1D/4M,,double,0.00000000
yieldCurve,GBP1D,forwardRate,2016-06-06,IR_SWAP/RATE/GBP/0D/1D/4M,,double,0.00551785
yieldCurve,GBP1D,time,2016-07-05,IR_SWAP/RATE/GBP/0D/1D/5M,,double,0.41369863
yieldCurve,GBP1D,zeroRate,2016-07-05,IR_SWAP/RATE/GBP/0D/1D/5M,,double,0.00551870
yieldCurve,GBP1D,discountFactor,2016-07-05,IR_SWAP/RATE/GBP/0D/1D/5M,,double,0.99771953
yieldCurve,GBP1D,mdQuote,2016-07-05,IR_SWAP/RATE/GBP/0D/1D/5M,,double,0.00552500
yieldCurve,GBP1D,calibrationError,2016-07-05,IR_SWAP/RATE/GBP/0D/1D/5M,,double,0.00000000
yieldCurve,GBP1D,forwardRate,2016-07-05,IR_SWAP/RATE/GBP/0D/1D/5M,,double,0.00507788
yieldCurve,GBP1D,time,2016-08-05,IR_SWAP/RATE/GBP/0D/1D/6M,,double,0.49863014
yieldCurve,GBP1D,zeroRate,2016-08-05,IR_SWAP/RATE/GBP/0D/1D/6M,,double,0.00544361
yieldCurve,GBP1D,discountFactor,2016-08-05,IR_SWAP/RATE/GBP/0D/1D/6M,,double,0.99728933
yieldCurve,GBP1D,mdQuote,2016-08-05,IR_SWAP/RATE/GBP/0D/1D/6M,,double,0.00545100
yieldCurve,GBP1D,calibrationError,2016-08-05,IR_SWAP/RATE/GBP/0D/1D/6M,,double,0.00000000
yieldCurve,GBP1D,forwardRate,2016-08-05,IR_SWAP/RATE/GBP/0D/1D/6M,,double,0.00532550
yieldCurve,GBP1D,time,2016-09-05,IR_SWAP/RATE/GBP/0D/1D/7M,,double,0.58356164
yieldCurve,GBP1D,zeroRate,2016-09-05,IR_SWAP/RATE/GBP/0D/1D/7M,,double,0.00542640
yieldCurve,GBP1D,discountFactor,2016-09-05,IR_SWAP/RATE/GBP/0D/1D/7M,,double,0.99683837
yieldCurve,GBP1D,mdQuote,2016-09-05,IR_SWAP/RATE/GBP/0D/1D/7M,,double,0.00543500
yieldCurve,GBP1D,calibrationError,2016-09-05,IR_SWAP/RATE/GBP/0D/1D/7M,,double,0.00000000
yieldCurve,GBP1D,forwardRate,2016-09-05,IR_SWAP/RATE/GBP/0D/1D/7M,,double,0.00489203
yieldCurve,GBP1D,time,2016-10-05,IR_SWAP/RATE/GBP/0D/1D/8M,,double,0.66575342
yieldCurve,GBP1D,zeroRate,2016-10-05,IR_SWAP/RATE/GBP/0D/1D/8M,,double,0.00536042
yieldCurve,GBP1D,discountFactor,2016-10-05,IR_SWAP/RATE/GBP/0D/1D/8M,,double,0.99643764
yieldCurve,GBP1D,mdQuote,2016-10-05,IR_SWAP/RATE/GBP/0D/1D/8M,,double,0.00537000
yieldCurve,GBP1D,calibrationError,2016-10-05,IR_SWAP/RATE/GBP/0D/1D/8M,,double,0.00000000
yieldCurve,GBP1D,forwardRate,2016-10-05,IR_SWAP/RATE/GBP/0D/1D/8M,,double,0.00424168
yieldCurve,GBP1D,time,2016-11-07,IR_SWAP/RATE/GBP/0D/1D/9M,,double,0.75616438
yieldCurve,GBP1D,zeroRate,2016-11-07,IR_SWAP/RATE/GBP/0D/1D/9M,,double,0.00522666
yieldCurve,GBP1D,discountFactor,2016-11-07,IR_SWAP/RATE/GBP/0D/1D/9M,,double,0.99605559
yieldCurve,GBP1D,mdQuote,2016-11-07,IR_SWAP/RATE/GBP/0D/1D/9M,,double,0.00523700
yieldCurve,GBP1D,calibrationError,2016-11-07,IR_SWAP/RATE/GBP/0D/1D/9M,,double,0.00000000
yieldCurve,GBP1D,forwardRate,2016-11-07,IR_SWAP/RATE/GBP/0D/1D/9M,,double,0.00298826
yieldCurve,GBP1D,time,2016-12-05,IR_SWAP/RATE/GBP/0D/1D/10M,,double,0.83287671
yieldCurve,GBP1D,zeroRate,2016-12-05,IR_SWAP/RATE/GBP/0D/1D/10M,,double,0.00502049
yieldCurve,GBP1D,discountFactor,2016-12-05,IR_SWAP/RATE/GBP/0D/1D/10M,,double,0.99582728
yieldCurve,GBP1D,mdQuote,2016-12-05,IR_SWAP/RATE/GBP/0D/1D/10M,,double,0.00503100
yieldCurve,GBP1D,calibrationError,2016-12-05,IR_SWAP/RATE/GBP/0D/1D/10M,,double,0.00000000
yieldCurve,GBP1D,forwardRate,2016-12-05,IR_SWAP/RATE/GBP/0D/1D/10M,,double,0.00690205
yieldCurve,GBP1D,time,2017-01-05,IR_SWAP/RATE/GBP/0D/1D/11M,,double,0.91780822
yieldCurve,GBP1D,zeroRate,2017-01-05,IR_SWAP/RATE/GBP/0D/1D/11M,,double,0.00519460
yieldCurve,GBP1D,discountFactor,2017-01-05,IR_SWAP/RATE/GBP/0D/1D/11M,,double,0.99524370
yieldCurve,GBP1D,mdQuote,2017-01-05,IR_SWAP/RATE/GBP/0D/1D/11M,,double,0.00520700
yieldCurve,GBP1D,calibrationError,2017-01-05,IR_SWAP/RATE/GBP/0D/1D/11M,,double,0.00000000
yieldCurve,GBP1D,forwardRate,2017-01-05,IR_SWAP/RATE/GBP/0D/1D/11M,,double,0.00197468
yieldCurve,GBP1D,time,2017-02-06,IR_SWAP/RATE/GBP/0D/1D/12M,,double,1.00547945
yieldCurve,GBP1D,zeroRate,2017-02-06,IR_SWAP/RATE/GBP/0D/1D/12M,,double,0.00491384
yieldCurve,GBP1D,discountFactor,2017-02-06,IR_SWAP/RATE/GBP/0D/1D/12M,,double,0.99507142
yieldCurve,GBP1D,mdQuote,2017-02-06,IR_SWAP/RATE/GBP/0D/1D/12M,,double,0.00492600
yieldCurve,GBP1D,calibrationError,2017-02-06,IR_SWAP/RATE/GBP/0D/1D/12M,,double,0.00000000
yieldCurve,GBP1D,forwardRate,2017-02-06,IR_SWAP/RATE/GBP/0D/1D/12M,,double,0.00439510
yieldCurve,GBP1D,time,2018-02-05,IR_SWAP/RATE/GBP/0D/1D/2Y,,double,2.00273973
yieldCurve,GBP1D,zeroRate,2018-02-05,IR_SWAP/RATE/GBP/0D/1D/2Y,,double,0.00465552
yieldCurve,GBP1D,discountFactor,2018-02-05,IR_SWAP/RATE/GBP/0D/1D/2Y,,double,0.99071953
yieldCurve,GBP1D,mdQuote,2018-02-05,IR_SWAP/RATE/GBP/0D/1D/2Y,,double,0.00466700
yieldCurve,GBP1D,calibrationError,2018-02-05,IR_SWAP/RATE/GBP/0D/1D/2Y,,double,-0.00000000
yieldCurve,GBP1D,forwardRate,2018-02-05,IR_SWAP/RATE/GBP/0D/1D/2Y,,double,0.00560213
yieldCurve,GBP1D,time,2019-02-05,IR_SWAP/RATE/GBP/0D/1D/3Y,,double,3.00273973
yieldCurve,GBP1D,zeroRate,2019-02-05,IR_SWAP/RATE/GBP/0D/1D/3Y,,double,0.00497075
yieldCurve,GBP1D,discountFactor,2019-02-05,IR_SWAP/RATE/GBP/0D/1D/3Y,,double,0.98518496
yieldCurve,GBP1D,mdQuote,2019-02-05,IR_SWAP/RATE/GBP/0D/1D/3Y,,double,0.00498200
yieldCurve,GBP1D,calibrationError,2019-02-05,IR_SWAP/RATE/GBP/0D/1D/3Y,,double,0.00000000
yieldCurve,GBP1D,forwardRate,2019-02-05,IR_SWAP/RATE/GBP/0D/1D/3Y,,double,0.00669222
yieldCurve,GBP1D,time,2020-02-05,IR_SWAP/RATE/GBP/0D/1D/4Y,,double,4.00273973
yieldCurve,GBP1D,zeroRate,2020-02-05,IR_SWAP/RATE/GBP/0D/1D/4Y,,double,0.00540081
yieldCurve,GBP1D,discountFactor,2020-02-05,IR_SWAP/RATE/GBP/0D/1D/4Y,,double,0.97861395
yieldCurve,GBP1D,mdQuote,2020-02-05,IR_SWAP/RATE/GBP/0D/1D/4Y,,double,0.00541100
yieldCurve,GBP1D,calibrationError,2020-02-05,IR_SWAP/RATE/GBP/0D/1D/4Y,,double,0.00000000
yieldCurve,GBP1D,forwardRate,2020-02-05,IR_SWAP/RATE/GBP/0D/1D/4Y,,double,0.00926314
yieldCurve,GBP1D,time,2021-02-05,IR_SWAP/RATE/GBP/0D/1D/5Y,,double,5.00547945
yieldCurve,GBP1D,zeroRate,2021-02-05,IR_SWAP/RATE/GBP/0D/1D/5Y,,double,0.00617452
yieldCurve,GBP1D,discountFactor,2021-02-05,IR_SWAP/RATE/GBP/0D/1D/5Y,,double,0.96956628
yieldCurve,GBP1D,mdQuote,2021-02-05,IR_SWAP/RATE/GBP/0D/1D/5Y,,double,0.00618000
yieldCurve,GBP1D,calibrationError,2021-02-05,IR_SWAP/RATE/GBP/0D/1D/5Y,,double,-0.00000000
yieldCurve,GBP1D,forwardRate,2021-02-05,IR_SWAP/RATE/GBP/0D/1D/5Y,,double,0.01141803
yieldCurve,GBP1D,time,2022-02-07,IR_SWAP/RATE/GBP/0D/1D/6Y,,double,6.01095890
yieldCurve,GBP1D,zeroRate,2022-02-07,IR_SWAP/RATE/GBP/0D/1D/6Y,,double,0.00705154
yieldCurve,GBP1D,discountFactor,2022-02-07,IR_SWAP/RATE/GBP/0D/1D/6Y,,double,0.95849925
yieldCurve,GBP1D,mdQuote,2022-02-07,IR_SWAP/RATE/GBP/0D/1D/6Y,,double,0.00704800
yieldCurve,GBP1D,calibrationError,2022-02-07,IR_SWAP/RATE/GBP/0D/1D/6Y,,double,-0.00000000
yieldCurve,GBP1D,forwardRate,2022-02-07,IR_SWAP/RATE/GBP/0D/1D/6Y,,double,0.01398677
yieldCurve,GBP1D,time,2023-02-06,IR_SWAP/RATE/GBP/0D/1D/7Y,,double,7.00821918
yieldCurve,GBP1D,zeroRate,2023-02-06,IR_SWAP/RATE/GBP/0D/1D/7Y,,double,0.00803837
yieldCurve,GBP1D,discountFactor,2023-02-06,IR_SWAP/RATE/GBP/0D/1D/7Y,,double,0.94522273
yieldCurve,GBP1D,mdQuote,2023-02-06,IR_SWAP/RATE/GBP/0D/1D/7Y,,double,0.00801900
yieldCurve,GBP1D,calibrationError,2023-02-06,IR_SWAP/RATE/GBP/0D/1D/7Y,,double,0.00000000
yieldCurve,GBP1D,forwardRate,2023-02-06,IR_SWAP/RATE/GBP/0D/1D/7Y,,double,0.01648417
yieldCurve,GBP1D,time,2024-02-05,IR_SWAP/RATE/GBP/0D/1D/8Y,,double,8.00547945
yieldCurve,GBP1D,zeroRate,2024-02-05,IR_SWAP/RATE/GBP/0D/1D/8Y,,double,0.00909044
yieldCurve,GBP1D,discountFactor,2024-02-05,IR_SWAP/RATE/GBP/0D/1D/8Y,,double,0.92981157
yieldCurve,GBP1D,mdQuote,2024-02-05,IR_SWAP/RATE/GBP/0D/1D/8Y,,double,0.00904700
yieldCurve,GBP1D,calibrationError,2024-02-05,IR_SWAP/RATE/GBP/0D/1D/8Y,,double,-0.00000000
yieldCurve,GBP1D,forwardRate,2024-02-05,IR_SWAP/RATE/GBP/0D/1D/8Y,,double,0.01696544
yieldCurve,GBP1D,time,2025-02-05,IR_SWAP/RATE/GBP/0D/1D/9Y,,double,9.00821918
yieldCurve,GBP1D,zeroRate,2025-02-05,IR_SWAP/RATE/GBP/0D/1D/9Y,,double,0.00996699
yieldCurve,GBP1D,discountFactor,2025-02-05,IR_SWAP/RATE/GBP/0D/1D/9Y,,double,0.91412784
yieldCurve,GBP1D,mdQuote,2025-02-05,IR_SWAP/RATE/GBP/0D/1D/9Y,,double,0.00989900
yieldCurve,GBP1D,calibrationError,2025-02-05,IR_SWAP/RATE/GBP/0D/1D/9Y,,double,-0.00000000
yieldCurve,GBP1D,forwardRate,2025-02-05,IR_SWAP/RATE/GBP/0D/1D/9Y,,double,0.01681857
yieldCurve,GBP1D,time,2026-02-05,IR_SWAP/RATE/GBP/0D/1D/10Y,,double,10.00821918
yieldCurve,GBP1D,zeroRate,2026-02-05,IR_SWAP/RATE/GBP/0D/1D/10Y,,double,0.01065155
yieldCurve,GBP1D,discountFactor,2026-02-05,IR_SWAP/RATE/GBP/0D/1D/10Y,,double,0.89888243
yieldCurve,GBP1D,mdQuote,2026-02-05,IR_SWAP/RATE/GBP/0D/1D/10Y,,double,0.01056200
yieldCurve,GBP1D,calibrationError,2026-02-05,IR_SWAP/RATE/GBP/0D/1D/10Y,,double,0.00000000
yieldCurve,GBP1D,forwardRate,2026-02-05,IR_SWAP/RATE/GBP/0D/1D/10Y,,double,0.01881311
yieldCurve,GBP1D,time,2031-02-05,IR_SWAP/RATE/GBP/0D/1D/15Y,,double,15.01095890
yieldCurve,GBP1D,zeroRate,2031-02-05,IR_SWAP/RATE/GBP/0D/1D/15Y,,double,0.01337141
yieldCurve,GBP1D,discountFactor,2031-02-05,IR_SWAP/RATE/GBP/0D/1D/15Y,,double,0.81814336
yieldCurve,GBP1D,mdQuote,2031-02-05,IR_SWAP/RATE/GBP/0D/1D/15Y,,double,0.01315400
yieldCurve,GBP1D,calibrationError,2031-02-05,IR_SWAP/RATE/GBP/0D/1D/15Y,,double,0.00000000
yieldCurve,GBP1D,forwardRate,2031-02-05,IR_SWAP/RATE/GBP/0D/1D/15Y,,double,0.01703863
yieldCurve,GBP1D,time,2036-02-05,IR_SWAP/RATE/GBP/0D/1D/20Y,,double,20.01369863
yieldCurve,GBP1D,zeroRate,2036-02-05,IR_SWAP/RATE/GBP/0D/1D/20Y,,double,0.01428799
yieldCurve,GBP1D,discountFactor,2036-02-05,IR_SWAP/RATE/GBP/0D/1D/20Y,,double,0.75129601
yieldCurve,GBP1D,mdQuote,2036-02-05,IR_SWAP/RATE/GBP/0D/1D/20Y,,double,0.01403900
yieldCurve,GBP1D,calibrationError,2036-02-05,IR_SWAP/RATE/GBP/0D/1D/20Y,,double,0.00000000
yieldCurve,GBP1D,forwardRate,2036-02-05,IR_SWAP/RATE/GBP/0D/1D/20Y,,double,0.01596661
yieldCurve,GBP1D,time,2041-02-05,IR_SWAP/RATE/GBP/0D/1D/25Y,,double,25.01917808
yieldCurve,GBP1D,zeroRate,2041-02-05,IR_SWAP/RATE/GBP/0D/1D/25Y,,double,0.01462375
yieldCurve,GBP1D,discountFactor,2041-02-05,IR_SWAP/RATE/GBP/0D/1D/25Y,,double,0.69358997
yieldCurve,GBP1D,mdQuote,2041-02-05,IR_SWAP/RATE/GBP/0D/1D/25Y,,double,0.01438500
yieldCurve,GBP1D,calibrationError,2041-02-05,IR_SWAP/RATE/GBP/0D/1D/25Y,,double,0.00000000
yieldCurve,GBP1D,forwardRate,2041-02-05,IR_SWAP/RATE/GBP/0D/1D/25Y,,double,0.01471392
yieldCurve,GBP1D,time,2046-02-05,IR_SWAP/RATE/GBP/0D/1D/30Y,,double,30.02191781
yieldCurve,GBP1D,zeroRate,2046-02-05,IR_SWAP/RATE/GBP/0D/1D/30Y,,double,0.01463873
yieldCurve,GBP1D,discountFactor,2046-02-05,IR_SWAP/RATE/GBP/0D/1D/30Y,,double,0.64436964
yieldCurve,GBP1D,mdQuote,2046-02-05,IR_SWAP/RATE/GBP/0D/1D/30Y,,double,0.01444400
yieldCurve,GBP1D,calibrationError,2046-02-05,IR_SWAP/RATE/GBP/0D/1D/30Y,,double,0.00000000
yieldCurve,GBP1D,forwardRate,2046-02-05,IR_SWAP/RATE/GBP/0D/1D/30Y,,double,0.01141232
yieldCurve,GBP1D,time,2056-02-07,IR_SWAP/RATE/GBP/0D/1D/40Y,,double,40.03287671
yieldCurve,GBP1D,zeroRate,2056-02-07,IR_SWAP/RATE/GBP/0D/1D/40Y,,double,0.01383186
yieldCurve,GBP1D,discountFactor,2056-02-07,IR_SWAP/RATE/GBP/0D/1D/40Y,,double,0.57480224
yieldCurve,GBP1D,mdQuote,2056-02-07,IR_SWAP/RATE/GBP/0D/1D/40Y,,double,0.01385800
yieldCurve,GBP1D,calibrationError,2056-02-07,IR_SWAP/RATE/GBP/0D/1D/40Y,,double,0.00000000
yieldCurve,GBP1D,forwardRate,2056-02-07,IR_SWAP/RATE/GBP/0D/1D/40Y,,double,0.01088040
yieldCurve,GBP1D,time,2066-02-05,IR_SWAP/RATE/GBP/0D/1D/50Y,,double,50.03561644
yieldCurve,GBP1D,zeroRate,2066-02-05,IR_SWAP/RATE/GBP/0D/1D/50Y,,double,0.01324180
yieldCurve,GBP1D,discountFactor,2066-02-05,IR_SWAP/RATE/GBP/0D/1D/50Y,,double,0.51552914
yieldCurve,GBP1D,mdQuote,2066-02-05,IR_SWAP/RATE/GBP/0D/1D/50Y,,double,0.01342000
yieldCurve,GBP1D,calibrationError,2066-02-05,IR_SWAP/RATE/GBP/0D/1D/50Y,,double,-0.00000000
yieldCurve,GBP1D,forwardRate,2066-02-05,IR_SWAP/RATE/GBP/0D/1D/50Y,,double,0.01088073
yieldCurve,JPY1D,dayCounter,,,,string,Actual/365 (Fixed)
yieldCurve,JPY1D,currency,,,,string,JPY
yieldCurve,JPY1D,time,2016-03-10,IR_SWAP/RATE/JPY/2D/1D/1M,,double,0.09315068
yieldCurve,JPY1D,zeroRate,2016-03-10,IR_SWAP/RATE/JPY/2D/1D/1M,,double,0.00066915
yieldCurve,JPY1D,discountFactor,2016-03-10,IR_SWAP/RATE/JPY/2D/1D/1M,,double,0.99993767
yieldCurve,JPY1D,mdQuote,2016-03-10,IR_SWAP/RATE/JPY/2D/1D/1M,,double,0.00066000
yieldCurve,JPY1D,calibrationError,2016-03-10,IR_SWAP/RATE/JPY/2D/1D/1M,,double,0.00000000
yieldCurve,JPY1D,forwardRate,2016-03-10,IR_SWAP/RATE/JPY/2D/1D/1M,,double,0.00027430
yieldCurve,JPY1D,time,2016-04-12,IR_SWAP/RATE/JPY/2D/1D/2M,,double,0.18356164
yieldCurve,JPY1D,zeroRate,2016-04-12,IR_SWAP/RATE/JPY/2D/1D/2M,,double,0.00047467
yieldCurve,JPY1D,discountFactor,2016-04-12,IR_SWAP/RATE/JPY/2D/1D/2M,,double,0.99991287
yieldCurve,JPY1D,mdQuote,2016-04-12,IR_SWAP/RATE/JPY/2D/1D/2M,,double,0.00045900
yieldCurve,JPY1D,calibrationError,2016-04-12,IR_SWAP/RATE/JPY/2D/1D/2M,,double,0.00000000
yieldCurve,JPY1D,forwardRate,2016-04-12,IR_SWAP/RATE/JPY/2D/1D/2M,,double,-0.00034202
yieldCurve,JPY1D,time,2016-05-10,IR_SWAP/RATE/JPY/2D/1D/3M,,double,0.26027397
yieldCurve,JPY1D,zeroRate,2016-05-10,IR_SWAP/RATE/JPY/2D/1D/3M,,double,0.00023396
yieldCurve,JPY1D,discountFactor,2016-05-10,IR_SWAP/RATE/JPY/2D/1D/3M,,double,0.99993911
yieldCurve,JPY1D,mdQuote,2016-05-10,IR_SWAP/RATE/JPY/2D/1D/3M,,double,0.00021800
yieldCurve,JPY1D,calibrationError,2016-05-10,IR_SWAP/RATE/JPY/2D/1D/3M,,double,0.00000000
yieldCurve,JPY1D,forwardRate,2016-05-10,IR_SWAP/RATE/JPY/2D/1D/3M,,double,-0.00051263
yieldCurve,JPY1D,time,2016-06-10,IR_SWAP/RATE/JPY/2D/1D/4M,,double,0.34520548
yieldCurve,JPY1D,zeroRate,2016-06-10,IR_SWAP/RATE/JPY/2D/1D/4M,,double,0.00005028
yieldCurve,JPY1D,discountFactor,2016-06-10,IR_SWAP/RATE/JPY/2D/1D/4M,,double,0.99998264
yieldCurve,JPY1D,mdQuote,2016-06-10,IR_SWAP/RATE/JPY/2D/1D/4M,,double,0.00003400
yieldCurve,JPY1D,calibrationError,2016-06-10,IR_SWAP/RATE/JPY/2D/1D/4M,,double,0.00000000
yieldCurve,JPY1D,forwardRate,2016-06-10,IR_SWAP/RATE/JPY/2D/1D/4M,,double,-0.00114889
yieldCurve,JPY1D,time,2016-07-12,IR_SWAP/RATE/JPY/2D/1D/5M,,double,0.43287671
yieldCurve,JPY1D,zeroRate,2016-07-12,IR_SWAP/RATE/JPY/2D/1D/5M,,double,-0.00019259
yieldCurve,JPY1D,discountFactor,2016-07-12,IR_SWAP/RATE/JPY/2D/1D/5M,,double,1.00008337
yieldCurve,JPY1D,mdQuote,2016-07-12,IR_SWAP/RATE/JPY/2D/1D/5M,,double,-0.00020600
yieldCurve,JPY1D,calibrationError,2016-07-12,IR_SWAP/RATE/JPY/2D/1D/5M,,double,0.00000000
yieldCurve,JPY1D,forwardRate,2016-07-12,IR_SWAP/RATE/JPY/2D/1D/5M,,double,-0.00180337
yieldCurve,JPY1D,time,2016-08-10,IR_SWAP/RATE/JPY/2D/1D/6M,,double,0.51232877
yieldCurve,JPY1D,zeroRate,2016-08-10,IR_SWAP/RATE/JPY/2D/1D/6M,,double,-0.00044239
yieldCurve,JPY1D,discountFactor,2016-08-10,IR_SWAP/RATE/JPY/2D/1D/6M,,double,1.00022668
yieldCurve,JPY1D,mdQuote,2016-08-10,IR_SWAP/RATE/JPY/2D/1D/6M,,double,-0.00045300
yieldCurve,JPY1D,calibrationError,2016-08-10,IR_SWAP/RATE/JPY/2D/1D/6M,,double,0.00000000
yieldCurve,JPY1D,forwardRate,2016-08-10,IR_SWAP/RATE/JPY/2D/1D/6M,,double,-0.00184661
yieldCurve,JPY1D,time,2016-11-10,IR_SWAP/RATE/JPY/2D/1D/9M,,double,0.76438356
yieldCurve,JPY1D,zeroRate,2016-11-10,IR_SWAP/RATE/JPY/2D/1D/9M,,double,-0.00090544
yieldCurve,JPY1D,discountFactor,2016-11-10,IR_SWAP/RATE/JPY/2D/1D/9M,,double,1.00069234
yieldCurve,JPY1D,mdQuote,2016-11-10,IR_SWAP/RATE/JPY/2D/1D/9M,,double,-0.00091200
yieldCurve,JPY1D,calibrationError,2016-11-10,IR_SWAP/RATE/JPY/2D/1D/9M,,double,-0.00000000
yieldCurve,JPY1D,forwardRate,2016-11-10,IR_SWAP/RATE/JPY/2D/1D/9M,,double,-0.00185009
yieldCurve,JPY1D,time,2017-02-10,IR_SWAP/RATE/JPY/2D/1D/1Y,,double,1.01643836
yieldCurve,JPY1D,zeroRate,2017-02-10,IR_SWAP/RATE/JPY/2D/1D/1Y,,double,-0.00113969
yieldCurve,JPY1D,discountFactor,2017-02-10,IR_SWAP/RATE/JPY/2D/1D/1Y,,double,1.00115910
yieldCurve,JPY1D,mdQuote,2017-02-10,IR_SWAP/RATE/JPY/2D/1D/1Y,,double,-0.00114100
yieldCurve,JPY1D,calibrationError,2017-02-10,IR_SWAP/RATE/JPY/2D/1D/1Y,,double,-0.00000000
yieldCurve,JPY1D,forwardRate,2017-02-10,IR_SWAP/RATE/JPY/2D/1D/1Y,,double,-0.00246953
yieldCurve,JPY1D,time,2017-08-10,IR_SWAP/RATE/JPY/2D/1D/1Y6M,,double,1.51232877
yieldCurve,JPY1D,zeroRate,2017-08-10,IR_SWAP/RATE/JPY/2D/1D/1Y6M,,double,-0.00157575
yieldCurve,JPY1D,discountFactor,2017-08-10,IR_SWAP/RATE/JPY/2D/1D/1Y6M,,double,1.00238589
yieldCurve,JPY1D,mdQuote,2017-08-10,IR_SWAP/RATE/JPY/2D/1D/1Y6M,,double,-0.00156800
yieldCurve,JPY1D,calibrationError,2017-08-10,IR_SWAP/RATE/JPY/2D/1D/1Y6M,,double,-0.00000000
yieldCurve,JPY1D,forwardRate,2017-08-10,IR_SWAP/RATE/JPY/2D/1D/1Y6M,,double,-0.00360028
yieldCurve,JPY1D,time,2018-02-13,IR_SWAP/RATE/JPY/2D/1D/2Y,,double,2.02465753
yieldCurve,JPY1D,zeroRate,2018-02-13,IR_SWAP/RATE/JPY/2D/1D/2Y,,double,-0.00208806
yieldCurve,JPY1D,discountFactor,2018-02-13,IR_SWAP/RATE/JPY/2D/1D/2Y,,double,1.00423656
yieldCurve,JPY1D,mdQuote,2018-02-13,IR_SWAP/RATE/JPY/2D/1D/2Y,,double,-0.00206500
yieldCurve,JPY1D,calibrationError,2018-02-13,IR_SWAP/RATE/JPY/2D/1D/2Y,,double,-0.00000000
yieldCurve,JPY1D,forwardRate,2018-02-13,IR_SWAP/RATE/JPY/2D/1D/2Y,,double,-0.00236701
yieldCurve,JPY1D,time,2019-02-13,IR_SWAP/RATE/JPY/2D/1D/3Y,,double,3.02465753
yieldCurve,JPY1D,zeroRate,2019-02-13,IR_SWAP/RATE/JPY/2D/1D/3Y,,double,-0.00218029
yieldCurve,JPY1D,discountFactor,2019-02-13,IR_SWAP/RATE/JPY/2D/1D/3Y,,double,1.00661642
yieldCurve,JPY1D,mdQuote,2019-02-13,IR_SWAP/RATE/JPY/2D/1D/3Y,,double,-0.00215900
yieldCurve,JPY1D,calibrationError,2019-02-13,IR_SWAP/RATE/JPY/2D/1D/3Y,,double,-0.00000000
yieldCurve,JPY1D,forwardRate,2019-02-13,IR_SWAP/RATE/JPY/2D/1D/3Y,,double,-0.00190872
yieldCurve,JPY1D,time,2020-02-12,IR_SWAP/RATE/JPY/2D/1D/4Y,,double,4.02191781
yieldCurve,JPY1D,zeroRate,2020-02-12,IR_SWAP/RATE/JPY/2D/1D/4Y,,double,-0.00211295
yieldCurve,JPY1D,discountFactor,2020-02-12,IR_SWAP/RATE/JPY/2D/1D/4Y,,double,1.00853434
yieldCurve,JPY1D,mdQuote,2020-02-12,IR_SWAP/RATE/JPY/2D/1D/4Y,,double,-0.00209000
yieldCurve,JPY1D,calibrationError,2020-02-12,IR_SWAP/RATE/JPY/2D/1D/4Y,,double,0.00000000
yieldCurve,JPY1D,forwardRate,2020-02-12,IR_SWAP/RATE/JPY/2D/1D/4Y,,double,-0.00002348
yieldCurve,JPY1D,time,2021-02-10,IR_SWAP/RATE/JPY/2D/1D/5Y,,double,5.01917808
yieldCurve,JPY1D,zeroRate,2021-02-10,IR_SWAP/RATE/JPY/2D/1D/5Y,,double,-0.00169780
yieldCurve,JPY1D,discountFactor,2021-02-10,IR_SWAP/RATE/JPY/2D/1D/5Y,,double,1.00855795
yieldCurve,JPY1D,mdQuote,2021-02-10,IR_SWAP/RATE/JPY/2D/1D/5Y,,double,-0.00167800
yieldCurve,JPY1D,calibrationError,2021-02-10,IR_SWAP/RATE/JPY/2D/1D/5Y,,double,-0.00000000
yieldCurve,JPY1D,forwardRate,2021-02-10,IR_SWAP/RATE/JPY/2D/1D/5Y,,double,0.00114582
yieldCurve,JPY1D,time,2023-02-10,IR_SWAP/RATE/JPY/2D/1D/7Y,,double,7.01917808
yieldCurve,JPY1D,zeroRate,2023-02-10,IR_SWAP/RATE/JPY/2D/1D/7Y,,double,-0.00088756
yieldCurve,JPY1D,discountFactor,2023-02-10,IR_SWAP/RATE/JPY/2D/1D/7Y,,double,1.00624936
yieldCurve,JPY1D,mdQuote,2023-02-10,IR_SWAP/RATE/JPY/2D/1D/7Y,,double,-0.00087600
yieldCurve,JPY1D,calibrationError,2023-02-10,IR_SWAP/RATE/JPY/2D/1D/7Y,,double,-0.00000000
yieldCurve,JPY1D,forwardRate,2023-02-10,IR_SWAP/RATE/JPY/2D/1D/7Y,,double,0.00407811
yieldCurve,JPY1D,time,2026-02-10,IR_SWAP/RATE/JPY/2D/1D/10Y,,double,10.02191781
yieldCurve,JPY1D,zeroRate,2026-02-10,IR_SWAP/RATE/JPY/2D/1D/10Y,,double,0.00060022
yieldCurve,JPY1D,discountFactor,2026-02-10,IR_SWAP/RATE/JPY/2D/1D/10Y,,double,0.99400267
yieldCurve,JPY1D,mdQuote,2026-02-10,IR_SWAP/RATE/JPY/2D/1D/10Y,,double,0.00058700
yieldCurve,JPY1D,calibrationError,2026-02-10,IR_SWAP/RATE/JPY/2D/1D/10Y,,double,-0.00000000
yieldCurve,JPY1D,forwardRate,2026-02-10,IR_SWAP/RATE/JPY/2D/1D/10Y,,double,0.00810045
yieldCurve,JPY1D,time,2028-02-10,IR_SWAP/RATE/JPY/2D/1D/12Y,,double,12.02191781
yieldCurve,JPY1D,zeroRate,2028-02-10,IR_SWAP/RATE/JPY/2D/1D/12Y,,double,0.00184795
yieldCurve,JPY1D,discountFactor,2028-02-10,IR_SWAP/RATE/JPY/2D/1D/12Y,,double,0.97802903
yieldCurve,JPY1D,mdQuote,2028-02-10,IR_SWAP/RATE/JPY/2D/1D/12Y,,double,0.00180200
yieldCurve,JPY1D,calibrationError,2028-02-10,IR_SWAP/RATE/JPY/2D/1D/12Y,,double,0.00000000
yieldCurve,JPY1D,forwardRate,2028-02-10,IR_SWAP/RATE/JPY/2D/1D/12Y,,double,0.01018486
yieldCurve,JPY1D,time,2031-02-12,IR_SWAP/RATE/JPY/2D/1D/15Y,,double,15.03013699
yieldCurve,JPY1D,zeroRate,2031-02-12,IR_SWAP/RATE/JPY/2D/1D/15Y,,double,0.00351644
yieldCurve,JPY1D,discountFactor,2031-02-12,IR_SWAP/RATE/JPY/2D/1D/15Y,,double,0.94851989
yieldCurve,JPY1D,mdQuote,2031-02-12,IR_SWAP/RATE/JPY/2D/1D/15Y,,double,0.00340600
yieldCurve,JPY1D,calibrationError,2031-02-12,IR_SWAP/RATE/JPY/2D/1D/15Y,,double,0.00000000
yieldCurve,JPY1D,forwardRate,2031-02-12,IR_SWAP/RATE/JPY/2D/1D/15Y,,double,0.01327953
yieldCurve,JPY1D,time,2036-02-13,IR_SWAP/RATE/JPY/2D/1D/20Y,,double,20.03561644
yieldCurve,JPY1D,zeroRate,2036-02-13,IR_SWAP/RATE/JPY/2D/1D/20Y,,double,0.00595548
yieldCurve,JPY1D,discountFactor,2036-02-13,IR_SWAP/RATE/JPY/2D/1D/20Y,,double,0.88752223
yieldCurve,JPY1D,mdQuote,2036-02-13,IR_SWAP/RATE/JPY/2D/1D/20Y,,double,0.00570000
yieldCurve,JPY1D,calibrationError,2036-02-13,IR_SWAP/RATE/JPY/2D/1D/20Y,,double,0.00000000
yieldCurve,JPY1D,forwardRate,2036-02-13,IR_SWAP/RATE/JPY/2D/1D/20Y,,double,0.01301329
yieldCurve,JPY1D,time,2041-02-13,IR_SWAP/RATE/JPY/2D/1D/25Y,,double,25.04109589
yieldCurve,JPY1D,zeroRate,2041-02-13,IR_SWAP/RATE/JPY/2D/1D/25Y,,double,0.00736622
yieldCurve,JPY1D,discountFactor,2041-02-13,IR_SWAP/RATE/JPY/2D/1D/25Y,,double,0.83155460
yieldCurve,JPY1D,mdQuote,2041-02-13,IR_SWAP/RATE/JPY/2D/1D/25Y,,double,0.00700000
yieldCurve,JPY1D,calibrationError,2041-02-13,IR_SWAP/RATE/JPY/2D/1D/25Y,,double,0.00000000
yieldCurve,JPY1D,forwardRate,2041-02-13,IR_SWAP/RATE/JPY/2D/1D/25Y,,double,0.01178948
yieldCurve,JPY1D,time,2046-02-13,IR_SWAP/RATE/JPY/2D/1D/30Y,,double,30.04383562
yieldCurve,JPY1D,zeroRate,2046-02-13,IR_SWAP/RATE/JPY/2D/1D/30Y,,double,0.00810273
yieldCurve,JPY1D,discountFactor,2046-02-13,IR_SWAP/RATE/JPY/2D/1D/30Y,,double,0.78392879
yieldCurve,JPY1D,mdQuote,2046-02-13,IR_SWAP/RATE/JPY/2D/1D/30Y,,double,0.00767900
yieldCurve,JPY1D,calibrationError,2046-02-13,IR_SWAP/RATE/JPY/2D/1D/30Y,,double,0.00000000
yieldCurve,JPY1D,forwardRate,2046-02-13,IR_SWAP/RATE/JPY/2D/1D/30Y,,double,0.01178948
irVol,SwaptionVolatility/EUR/EUR_SW_N,dayCounter,,,,string,Actual/365 (Fixed)
irVol,SwaptionVolatility/EUR/EUR_SW_N,calendar,,,,string,TARGET
irVol,SwaptionVolatility/EUR/EUR_SW_N,isArbitrageFree,,,,bool,true
irVol,SwaptionVolatility/EUR/EUR_SW_N,volatilityType,,,,string,Normal
